Company Names,Job Titles,Posted On,Job Details,Skill,Images,Type Location,Locations
PT. BANK NEGARA INDONESIA (Persero) Tbk.,Solutions Architect,Reposted 4 weeks ago,"Requirements :

Bachelor's degree in Computer Science, Engineering, or Mathematics
4+ years' of relevant experience
Able to understand banking business processes/business flows
Able to analyze business flow into a series of IT-based solutions
Have knowledge/experience implementing solutions based on SOA, API, Event Streaming, Microservice, File transformation
Have knowledge regarding data bases, caching solutions and replication
Have sufficient knowledge regarding security processes
Advanced knowledge of leading architecture solutions in the industry area
Strong interpersonal and collaboration skills
Ability to demonstrate technical concepts to non-technical audiences","Application Programming Interfaces (API), Business Analytics, Business Process, Microservices, Service-Oriented Architecture (SOA), and Stream Processing",https://media.licdn.com/dms/image/v2/D560BAQGqZzJbCTt-kw/company-logo_100_100/company-logo_100_100/0/1711506407720/pt_bank_negara_indonesia_persero_tbk_logo?e=1732147200&v=beta&t=QhCG-Dc_zyYzk8Lm_bShq4nvZq5M_rbzEhvkSOqFsEo,On-site,"Jakarta, Indonesia"
ATI Business Group,DevOps & Data Services Lead,1 week ago,"Your Main Objective
As the DevOps & Data Services Lead in the IT Division, you will ensure seamless integration, deployment, and management of company data and applications infrastructure. You are expected to combine your technical expertise for the day-to-day operations with a strategic mindset to drive data-driven business decision-making.

Your Main Responsibilities
You will effectively lead a small team of experts to deliver the following capabilities and must able to jump into action as and when required:
DevOps Management: Lead the design, management and implementation of CI/CD pipelines,
oversee configuration management, automation and orchestration tools, ensure application
deployment reliability, integrate secure DevOps practices with the development team
Database Administration: Lead the maintenance and optimization of database systems, manage
database security, backups and recovery while ensuring high availability, data integrity and
performance
Business Intelligence: Develop and maintain BI solutions to support data-driven decision-making,
oversee the ETL processes, design and implement data visualization
Manage the team to collaborate with cross-functional teams
Stay updated on industry trends and emerging technologies
Ensure compliance with relevant regulations, especially in the areas of data protection

Qualifications
Excellent communication, collaboration skills and fluency in English
Bachelor’s degree in Computer Science, Information Technology, Data Science, or a related field
5+ years overall IT experience, vast majority in data services and devops
3+ years proven experience in a leadership or senior role within DevOps, DBA and BI functions
Strong knowledge of data warehousing concepts and technologies, data integration techniques, ETL processes
Strong technical knowledge of database systems, CI/CD pipelines, and BI tools
Experience with cloud platforms (e.g., AWS, Azure, Google Cloud) and containerization (e.g., Docker, Kubernetes)

Be Part of ATI Journey:
Our aim at ATI Business Group in working with our Clients is to support their continued growth by providing cost-effective technology and talented & scalable people resources on demand. ATI’s singular focus on providing services to the travel and hospitality business communities across the globe has been a remarkably successful one. Since commencing in 2002 we now have over 900 employees providing services to our clients across the globe.","Amazon Web Services (AWS), Business Intelligence (BI), Cloud Storage, Containerization, Data Services, Data Warehousing, Database Security, DevOps, Extract, Transform, Load (ETL), Microsoft Power BI, and PostgreSQL",https://media.licdn.com/dms/image/v2/C560BAQFiYSlyRLOlVQ/company-logo_100_100/company-logo_100_100/0/1630641886048/ati_business_group_logo?e=1732147200&v=beta&t=_5JD9irBvewlah2YRjVlRMt-QcB2XnLP4lulwQukPSY,On-site,"Jakarta, Indonesia"
Kredit Pintar,Risk Modeling Senior Manager,Reposted 1 week ago,"Job Description

 Manage Risk Modelling activities to optimize portfolio quality, business growth and profitability.
 Perform analytics, risk model development, loss reserves, POC and support scoring management.
 Continuously refine key risk and business factors such as PD, LGD, EL, UE and pricing strategies of each product and segment.
 One of key person representing risk modelling function in internal and external engagement, including with regulator, funding partners, auditors.
 Manage risk related reporting automation and other ad hoc projects.
 Escalate key risk issues to Senior Management to allow timely risk mitigation.

Job Requirements

 Minimum 7 years’ experience in risk analytics / scoring / modelling in unsecured products like personal loan / paylater / credit card.
 Hands-on experience and proficiency in data science programming languages such as SQL, SAS and Python.
 Bachelor’s / Master’s degree from reputable universities, with major in Mathematics, Statistics, Actuary, Computer Science, Information System, IT, Informatics, Engineering or any other similar fields.
 Strong understanding of OJK regulations.
 Fluency in English both in written & verbal.","Credit Cards, Data Science, Loss Given Default (LGD), Personal Loans, Pricing Strategy, Risk Analytics, Risk Management, Risk Modeling, SAS (Software), and Stakeholder Management",https://media.licdn.com/dms/image/v2/C560BAQE9PRRVw7GrNQ/company-logo_100_100/company-logo_100_100/0/1636021601819/kreditpintar_logo?e=1732147200&v=beta&t=PIj9kQeSBNmrOSZvkLio2iDMUF4kkKT4hDv4IVjozqk,Hybrid,"South Jakarta, Jakarta, Indonesia"
HTC Global Services,Cloud Migration Developer,Reposted 3 days ago,"About The Role

We are seeking a Cloud Migration Developer with a minimum of 2 years of experience in C# .NET programming for both backend and frontend development.

Requirements

Strong understanding of containerization concepts and technologies.
Proficiency in Linux administration, with skills in scripting and automation such as Bash, Python, or Ansible.
Expertise in MS SQL Server and PostgreSQL.
Experience with Crystal Reports and SSRS (RDL); SSIS experience is a plus.
Familiarity with Docker and Kubernetes.
Knowledge of OpenShift-specific tools.
Additional knowledge in Java (or other programming languages) is a plus.
Red Hat Certified Specialist in OpenShift Application Development is a valuable addition.
Certification as a Kubernetes Administrator or AWS Cloud is a bonus.",".NET Framework, Back-End Web Development, C (Programming Language), C#, and Cloud Migration",https://media.licdn.com/dms/image/v2/D560BAQEE7FgfgdZdkA/company-logo_100_100/company-logo_100_100/0/1690544919186/htc_global_services_logo?e=1732147200&v=beta&t=l16g1MVnFUJHyRaqE1PIgu2W1hvXoapZ55A0cTo4Fjo,On-site,Jakarta Metropolitan Area
Adira Finance,Head Information Technology Development,2 weeks ago,"Responsibilities
Planning and budgeting application development for the next 1 year each year.
Ensure that every plan is in accordance with the company's strategy.
Manage application development requests according to company needs and prioritize.
Performing analysis, planning and design of incoming development requests.
Manage applications that are already running and develop according to the latest technology.
Ensure all developments follow the architecture and system standards that have been set.
Ensure all existing applications are fully documented

Qualifications
Candidates must possess a bachelor degree from IT/SI major with minimum GPA of 3,00.
At least 8 years of experience
Leadership, planning, organizing, presentation, communication, report writing, interpersonal relationship skills, Discipline, Integrity, team work, analytical, creative, Programming (multi language), Database, SDLC, Business View, Negotiation Skill, Customer Relationship Management (CRM), Architecture
Operation, computer literacy, project management
Have an understanding of the tools that support work at Adira Finance.
Excellent understanding of current IT systems and their challenges and barriers
Have the ability to direct in accordance with a systematic workflow
Have the ability to convince users about changes that occur due to the implementation of a computerized system
Have the ability to deal with emergencies
Good project management skills to validate estimates and carry out capacity planning
Always work in a team","Analytical Skills, Budgeting, Customer Relationship Management (CRM), Databases, IT Development, Interpersonal Relationships, Microsoft SQL Server, Negotiation, Project Management, React Native, and Teamwork",https://media.licdn.com/dms/image/v2/D560BAQFu86lL8r06og/company-logo_100_100/company-logo_100_100/0/1713154483891/adira_logo?e=1732147200&v=beta&t=2LbY60w0WzcH2mzU8aeTFk-Ho8LD2FTyfuRTfs6nvdQ,Hybrid,"South Jakarta, Jakarta, Indonesia"
Devoteam G Cloud,Senior Cloud Architect,Reposted 1 week ago,"Company Description

Company description

Devoteam is a leading consulting firm focused on digital strategy, tech platforms, and cybersecurity.

By combining creativity, tech, and data insights, we empower our customers to transform their business and unlock the future.

With 25 years’ of experience and 8,000 employees across Europe and the Middle East, Devoteam promotes responsible tech for people and works to create better change.

#Creative Tech for Better Change

Devoteam has launched in January 2021 its new strategic plan, Infinite 2024, with the ambition to become the #1 EMEA partner of the leading Cloud-based platform companies (AWS, Google Cloud, Microsoft, Salesforce, ServiceNow), further reinforced by deep expertise in digital strategy, cybersecurity, and data.
 
 
Job Description

Your role 

In this context, you’ll be joining as Senoir Cloud Architect, and reporting to the Tech Lead. As Senior Cloud Architect you will also be assisting cross-departments such as Marketing and Sales teams. The Senior Cloud Architect will complete routine engineering work and oversee simple to complex projects of infrastructure modernization, application modernization, cloud migration, and many more.

The Senior Cloud Architect will be responsible for the following activities: 
This position is a stakeholder-facing role and embodies the responsibility of capturing, prioritizing, and delivery of project expectations for all aspects of the projects you work on.
You can lead technical customer workshops and design a solution meeting the customer requirements on all aspects of the cloud project (Governance, Security, Networking, Billing, and Operations).
You are an advocate for Cloud adoption and enlighten customers in their Cloud Adoption strategy, no matter their Cloud Maturity.
You need to have excellent communication and interpersonal skills: you have the ability to communicate tasks, challenges, and results clearly to technical & non-technical colleagues and customers.
You need to have the ability to understand both the business and technical requirements and apply them to existing, or develop new methodologies to satisfy those requirements
You understand both business and technical priorities and have a realistic view of timelines and deliverables.
you are able to guide and streamline the technical tracks of a multidisciplinary team, composed of colleagues and customers.
You advocate the use of Cloud best practices in all aspects of your job and the deliverables of your team.
you mentor and guide junior colleagues through their journey in the team and within the projects you collaborate on.
 
 
Qualifications

  Past experience as a system engineer, cloud engineer, or cloud architect
Solid understanding of cloud architecture, networking & security
Experience with either VMWare, GCP, or AWS is preferred
Experience with Bash and Terraform is preferred
Experience with Kubernetes, Istio, and Anthos is a plus
You are proactive in everything you do
You're willing to work on multiple projects and assignments
You believe that self-development is key to success
 
 
Additional Information

Education and Experience
Bachelor’s degree in Engineering required.
5 years of related experience is highly preferred.
Two certifications in GCP (within 3 months after joining).


Status: Full-Time

Duration: -

Beginning date: August 2023

The Devoteam Group is committed to equal opportunities, promoting its employees on the basis of merit and actively fighting against all forms of discrimination. We believe that diversity contributes to the creativity, dynamism, and excellence of our organization. All our positions are open to people with disabilities.","Architecture, Cloud Computing, Communication, Customer Requirements, Google Cloud Platform (GCP), Interpersonal Skills, Networking, Technical Architecture, Technical Requirements, and Timelines",https://media.licdn.com/dms/image/v2/C560BAQE7dsccdmIB1Q/company-logo_100_100/company-logo_100_100/0/1631310628141?e=1732147200&v=beta&t=-ZLBYZLHSU6BFD7_WIiKUlz9jQFSkJqd3CJPhNvG2Ak,On-site,Jakarta Metropolitan Area
Go Mobile,Junior Sales Manager,1 day ago,"Hello!

Go Mobile is an international advertising agency, operating worldwide with its focus on mobile marketing and MarTech solutions.

We are looking for a Junior Sales Manager to work in Jakarta office. The successful candidate will be able to affect the company's and team's growth while building the dream team.

Placement: Jakarta
Working Arrangement: 4 WFO + 1 WFH

What will you actually do?
We have a variety of products and services that can be used in digital marketing, your job would be to find interested companies and people to tell them about all the amazing benefits they will get and how we can support their business goals, KPIs and strategies.

Job Descriptions:
Identifying sales opportunities in digital advertising
Growing the business and helping the company expand to agencies and direct brands
Conducting industry research to create and develop effective sales solutions
Conducting business meetings with key stakeholders
Promoting and selling the company’s products or services to prospective clients
Communicating with clients, answering important questions and any inquiries on the company's products and services
Working collaboratively with cross-functional teams in a fast-paced environment
Planning, implementing, and evaluating all sales campaigns & projects critically

Requirements:
Excellent verbal and written communication skills, fluency in English and Bahasa (oral and written)
Bachelor's degree or equivalent experience is a plus
1-2 years of prior sales experience
Background in TV, Radio, OOH (Out-of-Home) advertising is a plus
Organized and active with a strong sales background
Familiar with specific sales and marketing tools / CRM (Pipedrive / Agile CRM / Sales Force)
Strong communication and interpersonal skills
Proven knowledge and execution of successful sales strategies
Focused and goal-oriented
Preferably someone with strong knowledge in media buying products
Excellent presentation and communication skills

To apply for this job, send us your resume in English. Good luck!","Account Management, Business Planning, Contract Negotiation, Direct Sales, New Business Development, Sales, Sales Operations, Sales Processes, Team Leadership, and Team Management",https://media.licdn.com/dms/image/v2/D4D0BAQE204zHPEPUUA/company-logo_100_100/company-logo_100_100/0/1700461432308?e=1732147200&v=beta&t=0zPxM_PZSMCro2MwNppSxFEtC14zoLXNhPF1A4QuTYI,Hybrid,"Jakarta, Indonesia"
PT. VIVO MOBILE INDONESIA,Finance Management Specialist (Mandarin Speaker),1 week ago,"Hi, Progressive Talent!

We believe that our employees are key to the strong future development of our brand. vivo encourages its employees to innovate and provides them with the necessary space and resources for their career to grow and develop.

Therefore we very excited to open this opportunity as our Finance Expense Management Assistant!

If you are someone with:
Bachelor's degree in Accounting / Finance / Business / Management or any related field with GPA min. 3.00 out of 4.00
Proficient in Mandarin 3
Conversational English
Fresh graduates are welcome
Excel and Power Point skill
Strong analysis skill, logical thinking, and detail oriented
Good team player


And you are ready to be:
Responsible for auditing, controlling, and monitoring project budget and its execution on daily basis (make sure the current plan is not over budget)
Responsible for maintaining the project execution completeness, accuracy, consistency and conformance with procedures and regulations
Analyze project expenditure or budget usage report
Keep update in any project changes and conduct reasonability assessment including give suggestion preventative action in anticipation of possible problem
Analyze business situation loose loop and actively giving improvement suggestion


Apply for this position and be part of our #ProgressiveCommunity

About vivo

vivo is a technology company that creates great products based on a design-driven value, with smart devices and intelligent services as it’s core. The company aims to build a bridge between humans and the digital world. Through unique creativity, vivo provides users with an increasingly convenient mobile and digital life.

Life At vivo Indonesia

vivo provides highly competitive remuneration and benefits along with comprehensive training and a career development path for all employees. At the same time we promote a culture of innovation, ensuring that our employees are constantly improving and moving forward. As long as we implementing our Benfen value which is do the right things and do the things right, we always to create a joyful workplace based on our global goals ‘Live Smart, Play Smart’.

Know us better!

Official Site: www.vivo.com/id/
Facebook: www.facebook.com/vivoIndonesia/
Instagram: @vivo_indonesia & @lifeatvivo_id","Auditing, Finance, Financial Management, Management, Mandarin, and Microsoft Excel",https://media.licdn.com/dms/image/v2/D560BAQF4nPg0nSaiLA/company-logo_100_100/company-logo_100_100/0/1699241543272/vivoindonesia_logo?e=1732147200&v=beta&t=IsegI-ZVuDVbNGyzhy09chiH1tLJJH8kVn7XLO1w6tA,On-site,"North Jakarta, Jakarta, Indonesia"
Lancesoft Indonesia,Mobile Application Developer,1 week ago,"Mobile Developer Native (Android & IOS)
-------------------
- Min Bachelor Degree
- Min YoE: 2 Tahun di bidang terkait
- Creative problem-solving skills
- Good analytical & logical thinking
- Tech stack : ios (swift), Kotlin
- Experience on deploy mobile apps to Play Store and Apps Store
- Familiar working with Git",Kotlin and Swift (Programming Language),https://media.licdn.com/dms/image/v2/D560BAQFuozay5Kozog/company-logo_100_100/company-logo_100_100/0/1713216265128/lancesoft_indonesia_logo?e=1732147200&v=beta&t=rzmJcxjR9Jx7WGBKuhpDyVZ9A6aISv05WBobMlmuxcI,On-site,"Jakarta, Indonesia"
PT. VIVO MOBILE INDONESIA,Internet Product Specialist,1 week ago,"Job Responsibilities: 
Planning the list, preparing the content and executing the push application of the V-Appstore.
Collecting and analyzing multidimensional data such as market insight, Application, market industry and competitor data of the V-Appstore.
Responsible to adjust and translate all contents, topics and recommendations based on custmers preferences in each countries that handled.
Providing Banner application recommendation list for the V-Appstore
Compiling, transforming and aggregating the data of each countries to produce an evaluation report.

Job Requirements: 
Bachelor's Degree majoring in, Journalistic, Public Relation, or equivalent, Management or IT
Accuracy and attention to detail
Ability to perform filing and record keeping tasks
Good analytical and critical thinking
Willing to work under-pressure and in flexible working environment
Fresh Graduate or 1 years allow
Mandarin (Speaking & Writing)- At least 1 Year(s) of working experience",Analytical Skills and Market Analysis,https://media.licdn.com/dms/image/v2/D560BAQF4nPg0nSaiLA/company-logo_100_100/company-logo_100_100/0/1699241543272/vivoindonesia_logo?e=1732147200&v=beta&t=IsegI-ZVuDVbNGyzhy09chiH1tLJJH8kVn7XLO1w6tA,On-site,"North Jakarta, Jakarta, Indonesia"
Grab,"Software Engineer, Mobile (iOS) - Demand & Ads",Reposted 19 hours ago,"Company Description

Life at Grab

At Grab, every Grabber is guided by The Grab Way, which spells out our mission, how we believe we can achieve it, and our operating principles - the 4Hs: Heart, Hunger, Honour and Humility. These principles guide and help us make decisions as we work to create economic empowerment for the people of Southeast Asia.

Job Description

Get to know the Team

DNA (Demand and Ads) mobile team leverages promotions and advertisements to optimize user experience is a specialized group of professionals dedicated to enhancing user engagement within mobile applications. Our team combines the skills and responsibilities of mobile app development with the strategic use of promotions and ads to create a more engaging and user-friendly experience.

In order to optimize Grab's various services, our team should employ data-driven strategies such as user segmentation, geolocation-based promotions, and in-app ads while collaborating with multiple teams and components include partnering with local businesses and restaurants for cross-promotions, analyzing user feedback and survey data. Additionally, the team should focus on user engagement promotions, A/B testing, and continuously monitor ad performance. This multifaceted approach, involving various stakeholders and components, prioritizes user privacy and delivers a personalized and valuable user experience.

Get to know the Role

We are seeking for iOS Engineers who are highly experienced professionals responsible for leading the development of iOS applications. They excel in app development, architectural design, code review, and mentoring, ensuring app performance and adherence to best practices. Their expertise includes user interface design, API integration, security implementation, and device compatibility, making them valuable assets in delivering high-quality iOS apps.

The Day-to-Day Activities

App Development: Create, enhance, and maintain the Grab app.
Ad Integration: Ensure seamless ad and promotion integration.
User Engagement Features: Develop features for better user engagement.
Collaboration with QA and UX: Work closely with QA and UX teams.
 Performance Monitoring: Continuously monitor app performance.
Code Reviews: Engage in code reviews for quality assurance.
 Documentation: Document changes and integrations.
End-of-Day Review: Evaluate daily progress and plan for the next day.

Qualifications

The Must-Haves

Strong CS fundamentals (with competencies in algorithms and data structures).
Proficient in Swift, XCode, UIKit, SwiftUI, Version Control .
Good understanding of UX/UI design exposure and in making apps work intuitively and with pixel perfect interfaces.
Familiar with MVVM and Clean Architecture.
More than 2 years of of mobile engineering experience with a track record of building complex applications

The Nice-to-Haves

A degree in computer science, software engineering, information technology or related fields.
Up-to-date on the modern iOS programming paradigm
Working knowledge of several architectural approaches, caching, data storage and security.

Additional Information

Our Commitment

We recognize that with these individual attributes come different workplace challenges, and we will work with Grabbers to address them in our journey towards creating inclusion at Grab for all Grabbers.","Computer Science, Interfaces, Model-view-viewmodel (MVVM), Programming, Software Development, Swift (Programming Language), UIKit, Xcode, iOS, and iOS Development",https://media.licdn.com/dms/image/v2/C510BAQGDlPEJILPXbw/company-logo_100_100/company-logo_100_100/0/1630575649647/grabapp_logo?e=1732147200&v=beta&t=bJKVlXisyNmi25pcvRs_TLhk-EdGj__Zm2c4pmrgfts,Hybrid,"Jakarta, Indonesia"
Crypto.com,Senior Mobile Developer - Android,Reposted 19 hours ago,"Requirements:

We're looking for self-starting engineers with strong experience developing sophisticated applications. You will be Involved in end-to-end mobile application development life cycle.
Interested in building first-class product to solve real world problems
Experienced with various technologies, a fast learner and have a “get things done” mentality
Strong organizational skills and interpersonal skills and the ability to juggle conflicting requirements from many different stakeholders
Humble to embrace better ideas from others, eager to make things better, open to challenges and possibilities
Experience building complex applications for the Android using Kotlin/Java
Mobile application development at the user interface and system levels
Experience and good understanding on Test-Driven-Development (TDD), implement instrumented unit tests
Experience with Jetpack Compose, Coroutine, MVVM and the multi-module architecture
Experience in building real time graph, displaying real time data etc.
Willing to learn

Life @  Crypto.com

Empowered to think big. Try new opportunities while working with a talented, ambitious and supportive team.

Transformational and proactive working environment. Elevate employees to find thoughtful and innovative solutions.

Growth from within. We help to develop new skill-sets that would impact the shaping of your personal and professional growth.

Work Culture. Our colleagues are some of the best in the industry; we are all here to help and support one another.

One cohesive team. Engage stakeholders to achieve our ultimate goal - Cryptocurrency in every wallet.

Are you ready to kickstart your future with us? 

Benefits

Competitive salary

Medical insurance package with extended coverage to dependents

Attractive annual leave entitlement including: birthday, work anniversary

Work Flexibility Adoption. Flexi-work hour and hybrid or remote set-up

Aspire career alternatives through us. Our internal mobility program can offer employees a diverse scope.

Work Perks: crypto.com visa card provided upon joining

Our Crypto.com benefits packages vary depending on region requirements, you can learn more from our talent acquisition team.

About  Crypto.com :

Founded in 2016, Crypto.com serves more than 80 million customers and is the world's fastest growing global cryptocurrency platform. Our vision is simple: Cryptocurrency in Every Wallet™. Built on a foundation of security, privacy, and compliance, Crypto.com is committed to accelerating the adoption of cryptocurrency through innovation and empowering the next generation of builders, creators, and entrepreneurs to develop a fairer and more equitable digital ecosystem.

Learn more at https://crypto.com .

Crypto.com is an equal opportunities employer and we are committed to creating an environment where opportunities are presented to everyone in a fair and transparent way. Crypto.com values diversity and inclusion, seeking candidates with a variety of backgrounds, perspectives, and skills that complement and strengthen our team.

Personal data provided by applicants will be used for recruitment purposes only.","Android, Android Jetpack, Coroutines, Interpersonal Skills, Kotlin, Mobile Application Development, Mobile Applications, Model-view-viewmodel (MVVM), Organization Skills, and User Interface Design",https://media.licdn.com/dms/image/v2/D560BAQHIpxFJoR_AxA/company-logo_100_100/company-logo_100_100/0/1723706217039/cryptocom_logo?e=1732147200&v=beta&t=sngT3EMzJBRtFG4vJXZBOZnYRGuoxUQdnXPEgpAoWx0,Hybrid,"Jakarta, Jakarta, Indonesia"
Grab,"Senior Software Engineer, Mobile (Android) - ACE",Reposted 1 week ago,"Company Description

Life at Grab

At Grab, every Grabber is guided by The Grab Way, which spells out our mission, how we believe we can achieve it, and our operating principles - the 4Hs: Heart, Hunger, Honour and Humility. These principles guide and help us make decisions as we work to create economic empowerment for the people of Southeast Asia.

Get to know the Team

Come join Grab ACE team, we're dedicated to building the most trusted and loved platform for all things food in Southeast Asia.. When you’re an engineer at Grab, you are part of the heart and soul of the company. Our passion is anchored in the work that we do, and this is reflected in the impact we make on hundreds of millions of lives on a daily basis. Our team is empowered by creating amazing services and tools that serve hundreds of millions of consumers, driving partners, and fellow grabbers. We are always seeking to innovate our delivery and dine in platforms, which requires the help of first-class android engineers. Our scale of production is huge, handling tens of millions of bookings every day. When you launch a new code, hundreds of millions of people will see what you are doing in a very short time. Operating at this level is difficult, but very beneficial.

Job Description

The Day-to-Day Activities

As an Android engineer, you are expected to work on both product development as well as engineering improvements.

Work closely with the product and design team to understand requirements, provide product feedback, own and implement the product from start to finish.
Drive and participate in technical discussions with other engineering teams
Write code that is reusable, scalable and testable. Make sure products are delivered on time and with high quality.
Collaborate with QAs to make sure our app releases are always worthy of five star ratings.
Review code from other team members, provide constructive feedback and strive to raise the engineering bar.
Take initiative to improve the codebase proactively. Propose and set better engineering solutions for the team.
Be responsible and responsive during on-call duty. Able to debug and troubleshoot production issues.
Provide technical guidance, mentorship and knowledge sharing to peers.

Qualifications

The Must-Haves

A degree in computer science, software engineering or related fields.
Strong programming experience in Java or Kotlin, familiar with design patterns, multi-threading, have a good coding style and habits.
Understanding the Android system and programming paradigm including OOP, TDD, reactive patterns and dependency injection.
Know well of AndroidSDK, deep understanding of Android infrastructure, components, UI, data storage etc.
Working knowledge of several architectural approaches including clean architecture, MVP and MVVM.
Experience of using Android platform open source framework, knowledge of EventBus, Retrofit, Glide, OKHTTP, Dagger, RxJava and other third-party libraries.
Experience in Android automated testing, including unit testing, UI testing, familiar with Android testing framework like Espresso, UI Automator, Mockito and Powermock or Appium.
Experience in user behavior analysis, log and error collection and analysis tools.
Work attitude is conscientious, have a strong sense of responsibility and teamwork, positive and optimistic, and willing to share.
Fluent in English, with the ability to communicate fluently in English.

The Nice-to-Haves

The ability to independently develop Android apps or contribute to well-known open-source projects is favored.
Working knowledge of various architectural approaches, caching, data storage, and security is valued.
2-4 years of mobile engineering experience, specifically with a record of building complex applications, and experience in live/online projects is sought.

Additional Information

Our Commitment

We recognize that with these individual attributes come different workplace challenges, and we will work with Grabbers to address them in our journey towards creating inclusion at Grab for all Grabbers.","Android Testing, Appium, Automator, Kotlin, Mockito, Model-view-viewmodel (MVVM), Multithreading, PowerMock, Programming, and User Behavior",https://media.licdn.com/dms/image/v2/C510BAQGDlPEJILPXbw/company-logo_100_100/company-logo_100_100/0/1630575649647/grabapp_logo?e=1732147200&v=beta&t=bJKVlXisyNmi25pcvRs_TLhk-EdGj__Zm2c4pmrgfts,Hybrid,"Jakarta, Indonesia"
PT Astra International Tbk,Mobile Developer - iOS,5 months ago,"Deskripsi Pekerjaan

Mengembangkan dan memelihara aplikasi mobile iOS untuk platform penjualan mobil bekas, dengan fokus pada performa, keamanan, dan kualitas pengalaman pengguna.
Berkolaborasi dengan tim pengembangan untuk merancang, menguji, dan mengimplementasikan fitur-fitur baru dalam aplikasi, serta melakukan perbaikan dan pembaruan sesuai kebutuhan.
Memastikan aplikasi IOS selalu terintegrasi dengan baik dengan backend dan database perusahaan, serta memastikan fungsionalitas yang konsisten dan lancar.
Memantau dan menganalisis performa aplikasi IOS, serta melakukan debugging dan perbaikan masalah yang mungkin muncul guna meningkatkan kinerja aplikasi secara keseluruhan.

Persyaratan

Gelar Sarjana dari jurusan Teknik Informatika/Sistem Informasi/Teknik Komputer/Manajemen Informatika atau bidang terkait dari universitas terkemuka dengan IPK minimal 3,00.
Minimal 3 tahun pengalaman kerja secara keseluruhan dan pengetahuan mengenai pengembangan aplikasi iOS.
Memiliki kompetensi dalam Programming Language (Java, Kotlin, Swift, Objective-C), Mobile Development Framework (ReactNative), Performance Optimization, Mobile Application Architecture.
Kemampuan interpersonal, analisis, dan komunikasi yang kuat.
Bersedia bekerja di kantor (lokasi: Jakarta)","Android Development, C (Programming Language), Kotlin, Mobile Application Development, Objective-C, Optimization, React Native, Swift (Programming Language), iOS, and iOS Development",https://media.licdn.com/dms/image/v2/C4E0BAQEM6oE-kYjm-A/company-logo_100_100/company-logo_100_100/0/1631319377177?e=1732147200&v=beta&t=0_gNPfhi4PpULzr36QDUpaj-BX64XwSbnD-JeXRLCQI,On-site,"Jakarta, Jakarta, Indonesia"
Grab,"Software Engineer, Mobile (IOS)",Reposted 1 month ago,"Company Description

Life at Grab

At Grab, every Grabber is guided by The Grab Way, which spells out our mission, how we believe we can achieve it, and our operating principles - the 4Hs: Heart, Hunger, Honour and Humility. These principles guide and help us make decisions as we work to create economic empowerment for the people of Southeast Asia.

Get to Know the Team

The Fulfilment Tech Family is one of the most essential pillars enabling Grab to out-serve our customers and partners in different businesses and marketplaces across Southeast Asia. We are working on high throughput, real-time distributed systems that use sophisticated machine learning techniques to solve hundreds of millions of daily requests. Our mission is to offer the best-in-class products and experiences to our driver partners to increase the adoption and engagement of our services. Improve driver partner opportunities and efficiency in order to fulfill customer orders without fail, rain or shine. And to create efficient marketplaces by determining an optimal price that is both sustainable and loved by our partners and customers.

In-Trip-Efficiency is one of Fulfilment Tech Family’s empowered teams with goals to maximize drivers' efficiency to complete their jobs by providing frameworks to streamline works across different verticals like transport, food and express. The In-Trip-Efficiency team has a wide range of products like large order fulfillment, order swaps, driver plan management, cancellation recovery, and so on. Currently, our team members are in Malaysia and Singapore.

Job Description

Get to Know the Role

We are seeking talented & passionate Engineers to join our team. You will have opportunities to work on IOS driver apps that are used by millions of driver partners every day. It is very important that our team members take the initiative to identify problems and have the right mindset and skill sets to solve them.

The Day-to-Day Activities

Design and write mobile components with Swift to improve the availability, scalability, latency, and efficiency of Grab's services on Driver App
Engage in Driver app stability investigation, application performance analysis, tuning, and optimization
Work closely with the backend team in building modularized reusable components and designing scalable APIs 
Collaborate with product and experience teams to finalize feature specifications, build prototypes and design experiments
Work with different engineering teams to explore and create new designs/architectures geared toward scale and performance
Participate in code and design reviews to maintain our high development standards
Join on-call rotations to debug production issues and improve system stability

Qualifications

The Must-Haves

A degree in Computer Science, Software Engineering, Information Technology, or related fields
Working experience in mobile application development for 1~3 year
Strong Computer Science fundamentals in algorithms and data structures
Hands-on familiarity with maintaining large-scale mobile applications; understanding of IOS systems internals and networking is a plus
Hands-on familiarity with Real-time communication between mobile apps and backend
Strong understanding of application performance and ability to perform profiling to find any performance bottlenecks
Strong understanding of testing frameworks for unit testing, integration testing, and E2E testing
Hands-on familiarity with CI/CD pipelines for system development and deployment
Fluent in spoken and written English
Good communication skills, and a proactive mindset
Able to think critically of the current system in terms of growth and stability

Additional Information

Our Commitment

We recognize that with these individual attributes come different workplace challenges, and we will work with Grabbers to address them in our journey towards creating inclusion at Grab for all Grabbers.","Application Development, Back-End Web Development, Communication, Computer Science, Critical Thinking, Integration Testing, Mobile Application Development, Mobile Applications, Performance Analysis, and Swift (Programming Language)",https://media.licdn.com/dms/image/v2/C510BAQGDlPEJILPXbw/company-logo_100_100/company-logo_100_100/0/1630575649647/grabapp_logo?e=1732147200&v=beta&t=bJKVlXisyNmi25pcvRs_TLhk-EdGj__Zm2c4pmrgfts,Hybrid,"Jakarta, Indonesia"
D4Ds | Data & Decision Support,"Software Engineer, Web & Mobile",2 months ago,"About SmartCrowd:

Join the revolution at SmartCrowd, where Fintech innovation meets real estate investment!

We're not your average company; we're a dynamic startup with a bold vision: to become the leading crowdfunding platform in the MENA region and beyond. Our mission? To empower everyone with the opportunity to invest in real estate through fractional shares. Say goodbye to exclusivity—our digital platform opens the door for savvy investors of all kinds. If you're passionate about reshaping industries, disrupting norms, and making real estate accessible to all through technology, come aboard. Your role here isn't just essential; it's at the heart of our groundbreaking journey.

Job Summary:

SmartCrowd is seeking a passionate and innovative Web & Mobile Developer to be a driving force in our accelerated journey. As a Web * Mobile Software Engineer, your drive and adaptability will continue to lead our product engineering efforts, contributing to our hyper-growth trajectory within the dynamic FinTech landscape. You'll spearhead the resolution of intricate technical challenges, optimizing and advancing the investment process. Your role spans from refining customer onboarding experiences to elevating eKYC, investment flows, digital wallet management, and navigating complex integrations with multiple third-party entities—all while ensuring a seamless and captivating user experience.

Duties & Responsibilities:

Contribute to the entire software development lifecycle, ensuring efficient and high-quality processes
Assist in maintaining a scalable, secure technology architecture, supporting the company's growth
Collaborate with the tech team to address product and tech challenges, ensuring robust solutions
Support integration with large, complex systems (e.g., government departments, banks) to expand platform capabilities
Contribute to the creation and enhancement of a scalable backend, aligning with high- growth models
Assist in providing technical direction aligned with company goals and roadmap
Implement and experiment with emerging technologies to enhance competitive advantage
Contribute to the enhancement of development processes and methodologies
Assist in ensuring technology initiatives align with regulatory and industry standards


Requirements

Bachelor's degree in Computer Science, Engineering, or a related field (or equivalent practical experience)
Minimum 4 years of hands-on experience with React.js, building complex and scalable web applications
Minimum 3 years of experience with React Native, developing mobile applications for iOS and Android platforms
Proficiency in TypeScript for building robust and type-safe frontend applications
Solid understanding of frontend technologies such as HTML5, CSS3, and JavaScript
Strong problem-solving skills and ability to debug complex issues in a timely manner
Excellent communication skills and ability to work effectively in a collaborative team environment
Experience with state management libraries like Redux/Redux Saga is a strong plus
Experience with automated testing frameworks like Cypress and Jest is a strong plus
Bonus points for having a knack for design and a strong eye for UI/UX aesthetics


Benefits

An open and collaborative company looking to develop a world-class engineering outfit
Modern architecture and tooling - you can use the right tool for the job
""Just enough process"" - no more, no less
More perks as we (and you) think of them


Hiring Process:

Our recruitment process aims to be efficient, respecting your time with a total commitment of around 4 hours:

Introductory Conversation: A chance for us to get to know each other
Technical Deep-Dive: Dive into technical aspects, showcasing your expertise
Product Discussion: Assess your approach to product development and problem-solving
Culture Interview: Explore your fit within our collaborative and innovative culture
This job is remote based, candidates based outside the UAE will only be considered for this role**","Android, Cascading Style Sheets (CSS), Computer Science, Mobile Applications, React Native, React.js, Scalable Web Applications, TypeScript, Web Applications, and iOS",https://media.licdn.com/dms/image/v2/D4D0BAQHoqunckr7o-w/company-logo_100_100/company-logo_100_100/0/1719256027148?e=1732147200&v=beta&t=oM664AqAmccBCHZ8gJgDyBm6LKVLzamRCopMWAGVLJw,Remote,Indonesia
Turing,Remote Mobile Developer,Reposted 2 months ago,"We are currently seeking skilled Swift developers for our prominent US-based client.

Join their team now and contribute to the expansion of AI in the mobile coding ecosystem by creating AI-powered tools for developers.

Responsibilities:

Develop efficient Swift code to enhance AI capabilities in mobile coding
Utilize the MVVM design pattern to create scalable architectures
Ensure code readability, security, and stability through modular development
Collaborate with QA technologies to maintain code quality
Contribute to the development of AI-powered tools for developers

Requirements:

Open to applicants of all levels, from junior to industry experts.
Bachelor's degree in Engineering, Computer Science, or equivalent practical experience.
Knowledge of Mobile Engineering practices
Good understanding of Swift and MVVM design pattern
Ability to do modular development and code testing
Familiarity with QA technologies is a plus
Excellent verbal and written communication skills in English

Perks:

Long-term contractor position with full-time dedication
Opportunities to work on cutting-edge projects in the technology sector
Competitive salary in USD, commensurate with international norms
Collaborate with a talented team of professionals
Continuous learning and growth opportunities

Apply today and showcase your skills with our challenging tests and MCQs to increase your chances of securing one of our dynamic roles in the tech industry. Join our team now and be at the forefront of reshaping the future of development with our innovative AI-powered tools.","Android Development, Communication, Computer Engineering, Design Patterns, English, Mobile Application Development, Model-view-viewmodel (MVVM), Swift (Programming Language), Written Communication, and iOS Development",https://media.licdn.com/dms/image/v2/D4D0BAQFwqcpc5dU5IA/company-logo_100_100/company-logo_100_100/0/1719851300671/turingcom_logo?e=1732147200&v=beta&t=E6bZa7cJZdbgkIqgQilJbCKjf0ZKQw-PAtKI6unb51w,Remote,Jakarta Metropolitan Area
Turing,Remote Mobile Developer,Reposted 2 months ago,"We are currently seeking skilled Swift developers for our prominent US-based client.

Join their team now and contribute to the expansion of AI in the mobile coding ecosystem by creating AI-powered tools for developers.

Responsibilities:

Develop efficient Swift code to enhance AI capabilities in mobile coding
Utilize the MVVM design pattern to create scalable architectures
Ensure code readability, security, and stability through modular development
Collaborate with QA technologies to maintain code quality
Contribute to the development of AI-powered tools for developers

Requirements:

Open to applicants of all levels, from junior to industry experts.
Bachelor's degree in Engineering, Computer Science, or equivalent practical experience.
Knowledge of Mobile Engineering practices
Good understanding of Swift and MVVM design pattern
Ability to do modular development and code testing
Familiarity with QA technologies is a plus
Excellent verbal and written communication skills in English

Perks:

Long-term contractor position with full-time dedication
Opportunities to work on cutting-edge projects in the technology sector
Competitive salary in USD, commensurate with international norms
Collaborate with a talented team of professionals
Continuous learning and growth opportunities

Apply today and showcase your skills with our challenging tests and MCQs to increase your chances of securing one of our dynamic roles in the tech industry. Join our team now and be at the forefront of reshaping the future of development with our innovative AI-powered tools.","Android Development, Communication, Computer Engineering, Design Patterns, English, Mobile Application Development, Model-view-viewmodel (MVVM), Swift (Programming Language), Written Communication, and iOS Development",https://media.licdn.com/dms/image/v2/D4D0BAQFwqcpc5dU5IA/company-logo_100_100/company-logo_100_100/0/1719851300671/turingcom_logo?e=1732147200&v=beta&t=E6bZa7cJZdbgkIqgQilJbCKjf0ZKQw-PAtKI6unb51w,Remote,Indonesia
AIA Indonesia,Bancasurrance Life Consultant - Jakarta,3 weeks ago,"Wujudkan Ambisi Besarmu, Raih Impian Besarmu! Jadilah Mitra AIA sebagai Bancassurance Life Consultant, dan maksimalkan potensi Anda untuk memperoleh penghasilan yang tidak terbatas. The only limitation is you!

AIA adalah salah satu perusahaan asuransi terbesar di Asia dan juga merupakan salah satu perusahaan asuransi terkemuka di Indonesia dalam bidang Bancassurance. Bergabung menjadi AIA Bancassurance Life Consultant (BLC) berarti Anda akan memperoleh pengalaman bekerja di bidang asuransi sekaligus di bidang perbankan.

Selain itu, AIA bermitra dengan institusi-institusi perbankan terbesar dan terdepan di Indonesia sehingga menyediakan Anda sebuah kesempatan untuk mengembangkan network Anda di brand-brand tersebut secara maksimal. Sebagai BLC, Anda akan ditempatkan pada salah satu cabang bank yang berafiliasi dengan AIA, dimana Anda dapat memberikan solusi proteksi dan investasi yang sesuai dengan kebutuhan para nasabah.

Tugas&Tanggung Jawab:
Melakukan penjualan produk asuransi AIA di bank partner yang bekerjasama dengan AIA Financial
Menjalin komunikasi & kerjasama yang baik dengan seluruh staff bank
Membuat laporan produktivitas penjualan bulanan secara berkala

Persyaratan:
Pendidikan minimal D3
Pengalaman sebagai Sales / Marketing / Frontliner / Cabin Service / Customer Service / Retail / Hospitality minimal 6 bulan (lebih disukai jika berasal dari dunia asuransi)
Berpenampilan Menarik (harap melampirkan foto pada CV)
Kemampuan komunikasi dan interpersonal yang baik
Dapat bekerja secara tim ataupun individu
Memiliki motivasi kerja yang tinggi dan siap dengan tekanan target
Money oriented, disiplin, bertanggung jawab & integritas yang baik
Bersedia ditempatkan pada semua cabang Bank Partner

Terbuka untuk penempatan: Jakarta","Bancassurance, Client Relations, Customer Service, Marketing, Presentation Skills, Sales, and Sales and Marketing",https://media.licdn.com/dms/image/v2/C510BAQEmWvQmZ2PsMQ/company-logo_100_100/company-logo_100_100/0/1631411580594/aia_indonesia_logo?e=1732147200&v=beta&t=xNlPbwrZffiqX7uuKXfDoK8sxvZDN_CNY8C9tx9EOqg,On-site,"Jakarta, Indonesia"
ABeam Consulting Indonesia,SAP SuccessFactors Senior Consultant,Reposted 2 weeks ago,"Responsibilities

Report to Consulting Manager and providing services to any clients, domestic and also overseas.
Continuously improve SAP skill and consulting skill to meet market demand.
Manage day-to-day consulting activity, complete time sheet and claims in timely manner.
Contribute significantly to company growth.

Requirements

Candidate must possess at least Bachelor's Degree in any fields or equivalent from reputable university.
Minimum GPA 3.0 out of 4.0 scale.
At least 5 Year(s) of working experience in SAP implementation Project.
Preferably having certification or have experience in Recruiting Management solution.
Proficient in English (Business Level) is a must.
Excellent interpersonal skills with all levels of employees.
Having good problem solving skill, analytical and logical thinking.
Willing to work hard and having excellent interpersonal and communication skills.
Mastering in using Microsoft Office tools.
Proactive and self-motivated, able to work in tight schedule with under pressure.
Willing to travel both domestic or overseas.

About Us

From business process re-engineering to global business expansion for Japanese corporations, we have served our clients through more than 40 years of growth. With our vision of being the No. 1 global consulting firm from Asia, ABeam Consulting helps our clients take on the challenge of business transformation. With 5,900 consultants in Japan, and 2,400 in overseas offices concentrated in Asia, our 8,300 consultants and global alliance partners provide truly comprehensive services.","Critical Thinking, Interpersonal Skills, SAP Implementation, SAP Products, and SAP Successfactors",https://media.licdn.com/dms/image/v2/D560BAQFOzMayzfm-ig/company-logo_100_100/company-logo_100_100/0/1697431025577/abeamconsultingid_logo?e=1732147200&v=beta&t=uiaRLiWp3elpB8tnal0OyNfvdjVlSHY9CmFZ_b3OId4,Full-time,"Jakarta, Jakarta, Indonesia"
Traveloka,Senior Associate Product Manager - Platform,Reposted 2 weeks ago,"It's fun to work in a company where people truly BELIEVE in what they're doing!





Job Description

Define product roadmap and strategy to address user needs and achieve business goals. 
Define business KPIs and success metrics and is accountable to measure product success and contributions.
Understand user needs and translate those into product requirements by taking into consideration the business goals, development cost & technical debt that might incur.
Build relationships with stakeholders across the organization to understand and prioritize needs across use cases and also short & long-term time horizons.
Work with cross-functional teams on the ideation, research, design, development and launch of user-centric products. 
Plan and manage multiple projects based on the level of urgency and importance of the projects.
Leveraging experiments, quantitative and qualitative user insights to make data-informed and data-driven decisions.
Communicate well and influence stakeholders to prioritize their works in the interest of shared benefits or agreed business needs.
Provide recommendations on business process improvement and operational guidelines.



Requirements

At least 3 years of experience at top-tier multinational tech or engineering firms, multinational banks, or a credible and strong track record in supporting building or growing a business.
At least a Bachelor's degree in Engineering, Computer Science, Finance, Design, or other fields from top local or overseas universities with strong academic results, MBA is a plus.
Solid technical background with understanding and/or hands-on experience in software development and web technologies; with an aptitude towards solving complex problems.
Excellent analytical and problem-solving skills and strong intuitions of user behaviors. Have a strong willingness to learn and adapt to change quickly.
Self-starter with a strong sense of curiosity, strong ownership, a bias for action, and a can-do attitude.
Experienced in breaking down needs into product requirements and communicating them to the respective functions like engineers, design, or data team.
Able to highly collaborate with cross-functional teams with proven abilities to navigate stakeholders to deliver outcomes.
Able to communicate in English and Indonesia, via a verbal and written medium.
Passion for making the world better through technology. Enjoy working in a technical and data-centric context.



If you like wild growth and working with happy, enthusiastic over-achievers, you'll enjoy your career with us!","Analytical Skills, Business Process Improvement, Communication, Competitive Analysis, Cross-functional Team Leadership, Key Performance Indicators, Problem Solving, Product Requirements, Product Road Mapping, and Web Technologies",https://media.licdn.com/dms/image/v2/D560BAQGe_izwxvj_SQ/company-logo_100_100/company-logo_100_100/0/1700635813325/traveloka_logo?e=1732147200&v=beta&t=Dt6_D1JgJU6k4fR8rUduk1VWiebZALH8ZLfzMIAUuG8,On-site,Jakarta Metropolitan Area
Traveloka,Flight Market Manager,Reposted 2 weeks ago,"It's fun to work in a company where people truly BELIEVE in what they're doing!





Job Description

Identify commercial opportunities
Secure additional deals in alignment with demand trends or compressed periods
Secure seasonal deals and promotions to support internal program, campaign and marketing plans
Identify data and synthesize insights to make data driven decisions
Identify new product initiatives to keep us ahead of competitors, customer service focused, meeting and delivering on all needs for airline partners
Develop and sustain strong partner relationships by providing relevant data insights and high-quality consulting services to airline partners (revenue management advice, marketing opportunities)
Build a group portfolio of airline partners
Identify and execute new opportunities
Preferencing & channelling strategy
Build relationships with key internal and external stakeholders
Maximize access to all available rate types



Requirements

Deep understanding of GDS and airline product
Min.5 years of experiences in Sales, GDS, Airlines, and Groups booking
Strong interpersonal skills
Ability to research, prepare and communicate various proposal to potential airline partners
Strong problem solving, analysis, and planning skills
Able to quickly adapt to changing dynamic workplace and industry



If you like wild growth and working with happy, enthusiastic over-achievers, you'll enjoy your career with us!","Analytical Skills, Communication, Customer Service, Global Distribution Systems (GDS), Interpersonal Skills, Market Planning, Problem Solving, Teamwork, and Vendor Relations",https://media.licdn.com/dms/image/v2/D560BAQGe_izwxvj_SQ/company-logo_100_100/company-logo_100_100/0/1700635813325/traveloka_logo?e=1732147200&v=beta&t=Dt6_D1JgJU6k4fR8rUduk1VWiebZALH8ZLfzMIAUuG8,On-site,Jakarta Metropolitan Area
Garena,Community Manager (Arabic Speaker),1 week ago,"As a Community Manager in Free Fire MEA, you will deep dive into the task of becoming the forefront of the game within the game’s community. You will be expected to be able to connect with our users on a deeper level which will enable you to listen to their feedback as well as to create better engagements amongst the community.

Responsibilities
Nurture social platforms to grow our community champions – both the quantity of the community champions as well as the engagement quality between them
Learn our community landscape – understand their social behavior, understand their gaming behavior, and identify the community champions
Upon understanding our users’ behavior and identifying the community champions, build valuable connections with the individual in question.
Execute community activation within the social platforms to grow the size and quality of our community. These include but are not limited to organizing online tournaments, online competitions, and offline tournaments.
Build and execute user research (FGD/IDI) on certain topics such as product feedback, campaign evaluation, etc.

Job Requirements:
Highly proficient in Arabic speaking
Excellent written and verbal communication skills in English along with the ability to effectively collaborate with cross-functional teams (Bahasa speaking is a plus point)
Highly passionate about gaming, passion in competitive games is preferred.
Able to communicate, build, and nurture relationships with our community.
Self-starters: Can execute projects given a detailed brief and timeline.
Having prior experience in building and managing a community is a plus
Willing to work under 6 months contract in the South Jakarta office.","Arabic, Community Development, Community Engagement, Community Management, Community Outreach, and Egyptian Arabic",https://media.licdn.com/dms/image/v2/D560BAQF_8riz05Y-iw/company-logo_100_100/company-logo_100_100/0/1694418241019/garena_logo?e=1732147200&v=beta&t=xCRr6WtNI1vKMymLGQEKkImdShUlQmHfNVwOiO5SZL0,On-site,"Jakarta, Indonesia"
IBM,SAP ABAP Developer,1 week ago,"Introduction

As an IBM SAP ABAP Developer, you directly help clients transform their business and solve complex problems. You will define the scope and vision for projects that deliver customized solutions using your knowledge of IBM platforms. You are a technical leader, serving as a liaison among business partners, technical resources, and project stakeholders.

Your Role and Responsibilities

This opportunity is for an individual who has solid experiences working within the SAP environment, preferably as a team lead, most preferably in complex multicloud client. The successful candidate must have strong experience in design, implementation and support of SAP.

Required Professional And Technical Expertise


At least 1 years’ experience in projects involving different SAP modules in a large organization and be aware of the challenges faced by different teams in coming up with an integrated enterprise wide solution.
Has experience as SAP HANA ABAP Consultant.
Has experience in SAP full project lifecycle.


Required Technical and Professional Expertise

As above.

Preferred Technical And Professional Expertise

As above.

About Business Unit

IBM Consulting is IBM’s consulting and global professional services business, with market leading capabilities in business and technology transformation. With deep expertise in many industries, we offer strategy, experience, technology, and operations services to many of the most innovative and valuable companies in the world. Our people are focused on accelerating our clients’ businesses through the power of collaboration. We believe in the power of technology responsibly used to help people, partners and the planet.

Your Life @ IBM

In a world where technology never stands still, we understand that, dedication to our clients success, innovation that matters, and trust and personal responsibility in all our relationships, lives in what we do as IBMers as we strive to be the catalyst that makes the world work better.

Being an IBMer means you’ll be able to learn and develop yourself and your career, you’ll be encouraged to be courageous and experiment everyday, all whilst having continuous trust and support in an environment where everyone can thrive whatever their personal or professional background.

Our IBMers are growth minded, always staying curious, open to feedback and learning new information and skills to constantly transform themselves and our company. They are trusted to provide on-going feedback to help other IBMers grow, as well as collaborate with colleagues keeping in mind a team focused approach to include different perspectives to drive exceptional outcomes for our customers. The courage our IBMers have to make critical decisions everyday is essential to IBM becoming the catalyst for progress, always embracing challenges with resources they have to hand, a can-do attitude and always striving for an outcome focused approach within everything that they do.

Are you ready to be an IBMer?

About IBM

IBM’s greatest invention is the IBMer. We believe that through the application of intelligence, reason and science, we can improve business, society and the human condition, bringing the power of an open hybrid cloud and AI strategy to life for our clients and partners around the world.

Restlessly reinventing since 1911, we are not only one of the largest corporate organizations in the world, we’re also one of the biggest technology and consulting employers, with many of the Fortune 50 companies relying on the IBM Cloud to run their business.

At IBM, we pride ourselves on being an early adopter of artificial intelligence, quantum computing and blockchain. Now it’s time for you to join us on our journey to being a responsible technology innovator and a force for good in the world.

Location Statement

For additional information about location requirements, please discuss with the recruiter following submission of your application.

Being You @ IBM

IBM is committed to creating a diverse environment and is proud to be an equal-opportunity employer. All qualified applicants will receive consideration for employment without regard to race, color, religion, sex, gender, gender identity or expression, sexual orientation, national origin, caste, genetics, pregnancy, disability, neurodivergence, age, veteran status, or other characteristics. IBM is also committed to compliance with all fair employment practices regarding citizenship and immigration status.","ABAP, BAPI, OData, OOABAP, SAP FI, SAP HANA, SAP Products, SAPScript, SAPUI5, and Statutory Accounting Principles (SAP)",https://media.licdn.com/dms/image/v2/D560BAQGiz5ecgpCtkA/company-logo_100_100/company-logo_100_100/0/1688684715866/ibm_logo?e=1732147200&v=beta&t=9CfVQaaHBmQkb0Tp6qxvk6ggG68effyESrAObRpNhtY,Hybrid,Jakarta Metropolitan Area
Bitwyre,Blockchain Developer,2 weeks ago,"Company Description
We are a crypto exchange committed to providing top-tier trading solutions for users in emerging markets. 

Role Description
This is a full-time on-site role for a Blockchain Developer at Bitwyre located in Canggu. The Blockchain Developer will be responsible for tasks such as cryptography, cryptocurrency, back-end web development, blockchain development, and software development.

Qualifications
Cryptography and Blockchain skills
Cryptocurrency knowledge
Back-End Web Development skills
Software Development expertise
Strong problem-solving and analytical skills
Experience with blockchain technologies and frameworks
Bachelor's degree in Computer Science or related field
Knowledge of smart contracts and decentralized applications (DApps)
Experience in EVM is a plus
Experience in Solana, Near, Aptos, Sui, Cosmos is a plus
Experience with JSON RPC nodes is a plus
Experience with consensus algorithms is a plus
Experience in Zero Knowledge Proofs is a plus","Analytical Skills, Back-End Web Development, Blockchain, Computer Science, Cryptocurrency, Cryptography, Hyperledger, Problem Solving, Software Development, and Web Development",https://media.licdn.com/dms/image/v2/D560BAQEcZFbpqVxlbA/company-logo_100_100/company-logo_100_100/0/1723697608525/bitwyre_logo?e=1732147200&v=beta&t=LI2Sd3XK22gC-mN7lMP44DjEr1DiAxDJYp436B3tL1c,On-site,"Denpasar, Bali, Indonesia"
Traveloka,Senior Associate Product Manager (Flight),Reposted 2 weeks ago,"It's fun to work in a company where people truly BELIEVE in what they're doing!





Job Description

Our team is seeking a passionate Senior Associate Product Manager to join us as we create and deliver mission critical services and processes to enable Traveloka Transport, specifically in our Supply side.

As a Senior Associate Product Manager you will take a customer first and data driven mindset to drive, decide, coordinate, and execute projects related to Flight Supply, in collaboration with multi-discipline feature teams including user experience experts in our Design team, our passionate developers and Engineers, and the rest of the Product and Operations Team.

Your main responsibilities include:

Provide recommendations on business process improvement and operational guidelines.
Plan and manage multiple projects based on the level of urgency and importance of the projects.
Navigating data and system map to simplify complex process and touchpoints
Translate product strategy into product plan, detailed requirements and prototypes
Prioritize and define product roadmaps, manage a product backlog, make quick decisions and coordinate the team to release quality products within planned timelines based on business and customer impact
Work closely with engineering, marketing, finance, operations and external stakeholders to implement new features and enhancements
Act as a product evangelist to build awareness and understanding
Monitor the key metrics of the products / features owned by the person
Work closely with data team in conducting regular analysis and deep dive on the products / features’ performance Identify issues and improvement opportunities that can push the products / features’ performance forward



Requirements

To be successful in this role, you must possess:

Bachelor's degree in Computer Science and Computer Engineering, or other relevant fields (Mathematics, Electrical Engineering, IT, Chemistry, Physics, Engineering Science, STEM) from reputable universities with minimum GPA of 3.5/4.0. A Master's Degree in the aforementioned field is a plus.
At least 3 years working experience. Previous experience in Product Manager track and experience in the travel industry, other technology company, or global consulting field is preferable.
Good understanding of product management / development, preferably in the internet space
Excellent analytical skills and ability to interpret complex data to drive decision-making.
Passion in data-driven product development and making the world better through technology.
Strong project management skills, with the ability to manage multiple initiatives simultaneously and deliver results within deadlines.
Demonstrate ability to collaborate effectively with cross-functional teams and stakeholders at all levels.
Excellent communication skill in English, both written and verbal, with the ability to present ideas and influence stakeholders effectively.
Excellent analytical skills and strong intuitions of user behaviors.
A quick learner to absorb new knowledge in the fast-changing and dynamic industry, and synthesize learnings into strategic growth levers that generate tangible business impacts.



If you like wild growth and working with happy, enthusiastic over-achievers, you'll enjoy your career with us!","Analytical Skills, Business Process Improvement, Communication, Competitive Analysis, Cross-functional Team Leadership, Key Metrics, Product Management, Product Strategy, Project Management, and Timelines",https://media.licdn.com/dms/image/v2/D560BAQGe_izwxvj_SQ/company-logo_100_100/company-logo_100_100/0/1700635813325/traveloka_logo?e=1732147200&v=beta&t=Dt6_D1JgJU6k4fR8rUduk1VWiebZALH8ZLfzMIAUuG8,Hybrid,Jakarta Metropolitan Area
Traveloka,Tech Lead - Platform,Reposted 1 week ago,"It's fun to work in a company where people truly BELIEVE in what they're doing!





Job Description

The Software Engineer will work in a cross-functional project team to ensure the high quality of Traveloka’s Search and Discovery technology. You’ll lead the design and implementation of search and discovery related projects involving new products, business models, business growth, market expansion and process optimization. In addition, you will tackle pain points in the current processes and developing effective, reliable and scalable solutions to overcome those.

You’ll be expected to deliver the best in class architecture, solution and code. Naturally, you’ll also be giving technical guidance to a team of Engineers, growing and empowering them by removing roadblocks to help them achieve the mission objectives.



Requirements

Bachelor's degree in Computer Science or equivalent from a reputable university with good academic results is preferred.
Strong back-end software engineering skills (5+ years) in building scalable web applications involving extensive design and coding.
Extensive experience in developing and scaling search engine is a must (autosuggest, autocomplete, text search, structured search and recommendation).
Strong knowledge in Java / Kotlin 
Extensive experience in Open-Source Search-Engine tools like ElasticSearch, redis and memcached is a must.
Experience in version control (Git) and familiarity with development collaboration tools (GitHub/Phabricator/BitBucket).
Extensive experience in Big data technology is a plus.
Experience in RDBMS like PostgreSQL/MySQL and NoSQL databases like MongoDB is a plus.
Experience in AWS/GCP/Azure and other technologies like Ansible, Containers, Kubernetes etc is a plus.
Strong object-oriented analysis and design skills.
Participation in multiple end-to-end implementations of system integration and data migration.
Excellent interpersonal, communication, and influence skills and personal maturity.



If you like wild growth and working with happy, enthusiastic over-achievers, you'll enjoy your career with us!","Analytical Skills, Bitbucket, Communication, Elasticsearch, Memcached, Phabricator, Redis, Scalable Web Applications, Search Engines, and Software Development",https://media.licdn.com/dms/image/v2/D560BAQGe_izwxvj_SQ/company-logo_100_100/company-logo_100_100/0/1700635813325/traveloka_logo?e=1732147200&v=beta&t=Dt6_D1JgJU6k4fR8rUduk1VWiebZALH8ZLfzMIAUuG8,On-site,Jakarta Metropolitan Area
PT LOTTE Chemical Indonesia,Korean Interpreter,1 hour ago,"Job Responsibilities:
Interpret and translate document from Korea to Indonesia/English, Training and vice versa
Provide administrative support, control and coordination with another department
Daily, weekly and monthly report to direct superiors

Job Requirements:
Min Diploma/Bachelor Degree in Korean Language
Fresh graduate welcome to apply, but preferably having min 1-3 years’ experience as Interpreter
Fluent in Korean and English
Familiar with making report and Ms. Office
Has TOPIK min level 3
Willing to be placed in Merak-Cilegon

IMPORTANT/ PENTING!
Please note that our recruitment process does not require any payment from candidates at any stage. If you receive any communication that asks you to pay a fee or provide personal information, please be cautious and do not respond to such requests.
----
Tidak ada biaya apapun yang harus dibayarkan oleh kandidat selama proses rekrutmen. Harap waspada terhadap permintaan pembayaran atau informasi pribadi yang mencurigakan.",Interpreting and Korean,https://media.licdn.com/dms/image/v2/D560BAQGBhLjB7KscGg/company-logo_100_100/company-logo_100_100/0/1681695034397/lottechemicalindonesia_logo?e=1732147200&v=beta&t=iFaG8U_cJXbtZ0KvWHxNzTD1ogn371j-Fi7VfK6g7Lg,On-site,"Cilegon, Banten, Indonesia"
Odoo,Partnership Consultant (Indonesia),14 hours ago,"About Us
With a mission to enhance the efficiency and performance of every business, Odoo offers all-in-one open-source software covering 60+ business applications such as Sales, Accounting, Manufacturing, Inventory, and more. It's flexible for businesses of all scales and industries, and with prices 3x more affordable than other conventional competitors (such as SAP and Microsoft), Odoo effortlessly becomes the preferred choice for entrepreneurs across Indonesia!

Start a career with us. We offer you an extraordinary chance to learn and grow. Be involved with a very exciting product and a great team behind it.

Responsibilities
As a Partnerships Recruiting, you will seek out and recruit prospects into Odoo's partnership network. You will also manage Odoo's business relationships in your assigned area. Companies in IT, system integration, consulting, and accounting that you register into Odoo's partner network will be given access to sell Odoo products and are empowered to implement Odoo's products and services alongside their own. Partners will receive training in the entire Odoo ecosystem to successfully close deals and implementation of customized software.

Your responsibilities include:
Contacting prospects in Indonesia who have shown interest in becoming Odoo business partners
Understanding and improving the current operations of prospects: how they interact with their customers, their sales approach, their long-term business plans, and how collaborating with Odoo can help them achieve their goals
Working consultatively to design tailored implementation packages and negotiating their contents with future partners
Building successful and mutually beneficial relationships
Understanding the target market by developing and sharing new ideas on how to effectively grow Odoo's partner network

Must Have
Min. Bachelor degree or higher
Fluent in Bahasa Indonesia and English
You are an excellent communicator, you like to negotiate and to achieve targets

Nice to Have
1 - 2 years of sales experience within the software industry
Strong knowledge in ERP, business management software and the whole tech industry
Immediate availability

Values
You are able to work in a fast-paced start-up environment with a hands-on attitude
You are open-minded and can react to change with agility
You are a quick and autonomous learner
You have an entrepreneur mindset and are not afraid to take appropriate initiatives
Willing to contribute to great company culture","Analytical Skills, Business Insights, Communication, Consulting, English, Negotiation, Observational, Presentations, Teamwork, and Technology Integration",https://media.licdn.com/dms/image/v2/D4E0BAQF91OMQCIi4dQ/company-logo_100_100/company-logo_100_100/0/1691657301051/odoo_logo?e=1732147200&v=beta&t=BLOo_LW2fGxX30-2XSt29xVQTioh44CXDn9o6AvBsa8,On-site,"Tangerang, Banten, Indonesia"
Lancesoft Indonesia,Back End Developer,3 weeks ago,"Back End Java
• Kualifikasi khusus Java Spring Boot Developer:

a) Memiliki working experiences dan strong knowledge in java spring boot
b) Memiliki working experiences dan solid understanding dalam pengembangan backend microservices berbasis Rest API dan gRPC
c) Memiliki working experiences dan solid understanding dalam pengembangan backend microservices terintegrasi dengan SQL database(Oracle,posqresSQL) dan NoSQL database(Monggo DB) dan caching data(redis).","Java, Microservices, SQL Database Administration, Spring Boot, Spring Framework, and gRPC",https://media.licdn.com/dms/image/v2/D560BAQFuozay5Kozog/company-logo_100_100/company-logo_100_100/0/1713216265128/lancesoft_indonesia_logo?e=1732147200&v=beta&t=rzmJcxjR9Jx7WGBKuhpDyVZ9A6aISv05WBobMlmuxcI,On-site,"Jakarta, Indonesia"
Turing,Remote Swift Engineer - AI-powered Mobile Development,2 months ago,"Our client, a prominent US-based company, is currently seeking experienced Swift developers.

By joining their team, you will contribute to the advancement of AI in the mobile coding ecosystem by creating AI-powered tools for developers.

Job Responsibilities:

Develop efficient Swift code to advance AI capabilities in the mobile coding ecosystem
Utilize the MVVM design pattern for scalable architectures
Ensure code readability, security, and stability through modular development
Collaborate with QA technologies to maintain code quality
Contribute to the development of AI-powered tools for developers

Job Requirements:

Accepting applicants from all professional levels, from newly graduated to industry experts.
Bachelor's degree in Engineering, Computer Science, or a similar level of practical experience necessary.
Must be knowledgeable about mobile engineering practices.
Good grasp of Swift and familiarity with the MVVM design approach.
Ability to undertake modular development and perform code tests.
Prior knowledge of QA technologies is advantageous.
Exceptional verbal and written communication skills in English required.

Perks:

Long-term contractor position with full-time dedication
Opportunities to work on cutting-edge projects in the technology sector
Receive a competitive salary in USD, commensurate with international norms
Collaborate with a talented team of professionals
Continuous learning and growth opportunities

Take the leap and test your skills with our challenging tests and MCQs to increase your chances of securing one of our dynamic roles in the tech industry. Join our team today and be at the forefront of reshaping the future of development with our innovative AI-powered tools.","Android Development, Communication, Computer Engineering, Computer Science, Design Patterns, English, Model-view-viewmodel (MVVM), Swift (Programming Language), Written Communication, and iOS Development",https://media.licdn.com/dms/image/v2/D4D0BAQFwqcpc5dU5IA/company-logo_100_100/company-logo_100_100/0/1719851300671/turingcom_logo?e=1732147200&v=beta&t=E6bZa7cJZdbgkIqgQilJbCKjf0ZKQw-PAtKI6unb51w,Remote,Jakarta Metropolitan Area
Turing,Remote Swift Engineer - AI-powered Mobile Development,2 months ago,"Our client, a prominent US-based company, is currently seeking experienced Swift developers.

By joining their team, you will contribute to the advancement of AI in the mobile coding ecosystem by creating AI-powered tools for developers.

Responsibilities:

Develop efficient Swift code to enhance AI capabilities in mobile coding
Utilize the MVVM design pattern to create scalable architectures
Ensure code readability, security, and stability through modular development
Collaborate with QA technologies to maintain code quality
Contribute to the development of AI-powered tools for developers

Requirements:

Accepting applicants from all professional levels, from newly graduated to industry experts.
Bachelor's degree in Engineering, Computer Science, or a similar level of practical experience necessary.
Must be knowledgeable about mobile engineering practices.
Good grasp of Swift and familiarity with the MVVM design approach.
Ability to undertake modular development and perform code tests.
Prior knowledge of QA technologies is advantageous.
Exceptional verbal and written communication skills in English required.

Perks:

Long-term contractor position with full-time dedication
Opportunities to work on cutting-edge projects in the technology sector
Competitive salary in USD, commensurate with international norms
Collaborate with a talented team of professionals
Continuous learning and growth opportunities

Apply today and showcase your skills with our challenging tests and MCQs to increase your chances of securing one of our dynamic roles in the tech industry. Join our team now and be at the forefront of reshaping the future of development with our innovative AI-powered tools.","Android Development, Communication, Computer Science, Design Patterns, English, Mobile Application Development, Model-view-viewmodel (MVVM), Swift (Programming Language), Written Communication, and iOS Development",https://media.licdn.com/dms/image/v2/D4D0BAQFwqcpc5dU5IA/company-logo_100_100/company-logo_100_100/0/1719851300671/turingcom_logo?e=1732147200&v=beta&t=E6bZa7cJZdbgkIqgQilJbCKjf0ZKQw-PAtKI6unb51w,Remote,Jakarta Metropolitan Area
Turing,Remote Swift Engineer - AI-powered Mobile Development,2 months ago,"Our client, a renowned company from the US, is in need of skilled Swift developers.

By joining this team, you will have the opportunity to contribute to the advancement of AI in the mobile coding ecosystem by creating powerful AI-driven tools for developers.

Responsibilities:

Develop efficient Swift code to enhance AI capabilities in mobile coding
Utilize the MVVM design pattern to create scalable architectures
Ensure code readability, security, and stability through modular development
Collaborate with QA technologies to maintain code quality
Contribute to the development of AI-powered tools for developers

Requirements:

Open to individuals across all experience levels, from junior to industry leader.
Bachelor’s degree in Engineering, Computer Science, or equivalent hands-on experience is required.
Required knowledge of mobile engineering.
Good understanding of Swift and MVVM design patterns.
Must be able to carry out modular development and testing of code.
Knowledge of QA technologies will be considered an asset.
Must have excellent English communication skills, both in writing and speaking.

Perks:

Long-term contractor position with full-time dedication
Opportunities to work on cutting-edge projects in the technology sector
Competitive salary in USD, commensurate with international norms
Collaborate with a talented team of professionals
Continuous learning and growth opportunities

Apply today and showcase your skills with our challenging tests and MCQs to increase your chances of securing one of our dynamic roles in the tech industry. Join our team now and be at the forefront of reshaping the future of development with our innovative AI-powered tools.","Android Development, Communication, Computer Science, Design Patterns, English, Mobile Application Development, Model-view-viewmodel (MVVM), Modular Construction, Swift (Programming Language), and iOS Development",https://media.licdn.com/dms/image/v2/D4D0BAQFwqcpc5dU5IA/company-logo_100_100/company-logo_100_100/0/1719851300671/turingcom_logo?e=1732147200&v=beta&t=E6bZa7cJZdbgkIqgQilJbCKjf0ZKQw-PAtKI6unb51w,Remote,Indonesia
Turing,Remote Swift Engineer - AI-powered Mobile Development,2 months ago,"Our client, a prominent US-based company, is currently seeking experienced Swift developers.

By joining their team, you will contribute to the advancement of AI in the mobile coding ecosystem by creating AI-powered tools for developers.

Responsibilities:

Develop efficient Swift code to enhance AI capabilities in mobile coding
Utilize the MVVM design pattern to create scalable architectures
Ensure code readability, security, and stability through modular development
Collaborate with QA technologies to maintain code quality
Contribute to the development of AI-powered tools for developers

Requirements:

Accepting applicants from all professional levels, from newly graduated to industry experts.
Bachelor's degree in Engineering, Computer Science, or a similar level of practical experience necessary.
Must be knowledgeable about mobile engineering practices.
Good grasp of Swift and familiarity with the MVVM design approach.
Ability to undertake modular development and perform code tests.
Prior knowledge of QA technologies is advantageous.
Exceptional verbal and written communication skills in English required.

Perks:

Long-term contractor position with full-time dedication
Opportunities to work on cutting-edge projects in the technology sector
Competitive salary in USD, commensurate with international norms
Collaborate with a talented team of professionals
Continuous learning and growth opportunities

Apply today and showcase your skills with our challenging tests and MCQs to increase your chances of securing one of our dynamic roles in the tech industry. Join our team now and be at the forefront of reshaping the future of development with our innovative AI-powered tools.","Android Development, Communication, Computer Science, Design Patterns, English, Mobile Application Development, Model-view-viewmodel (MVVM), Swift (Programming Language), Written Communication, and iOS Development",https://media.licdn.com/dms/image/v2/D4D0BAQFwqcpc5dU5IA/company-logo_100_100/company-logo_100_100/0/1719851300671/turingcom_logo?e=1732147200&v=beta&t=E6bZa7cJZdbgkIqgQilJbCKjf0ZKQw-PAtKI6unb51w,Remote,Indonesia
Turing,Remote Swift Engineer - AI-powered Mobile Development,2 months ago,"Our client, a prominent US-based company, is currently seeking experienced Swift developers.

By joining their team, you will contribute to the advancement of AI in the mobile coding ecosystem by creating AI-powered tools for developers.

Job Responsibilities:

Develop efficient Swift code to advance AI capabilities in the mobile coding ecosystem
Utilize the MVVM design pattern for scalable architectures
Ensure code readability, security, and stability through modular development
Collaborate with QA technologies to maintain code quality
Contribute to the development of AI-powered tools for developers

Job Requirements:

Accepting applicants from all professional levels, from newly graduated to industry experts.
Bachelor's degree in Engineering, Computer Science, or a similar level of practical experience necessary.
Must be knowledgeable about mobile engineering practices.
Good grasp of Swift and familiarity with the MVVM design approach.
Ability to undertake modular development and perform code tests.
Prior knowledge of QA technologies is advantageous.
Exceptional verbal and written communication skills in English required.

Perks:

Long-term contractor position with full-time dedication
Opportunities to work on cutting-edge projects in the technology sector
Receive a competitive salary in USD, commensurate with international norms
Collaborate with a talented team of professionals
Continuous learning and growth opportunities

Take the leap and test your skills with our challenging tests and MCQs to increase your chances of securing one of our dynamic roles in the tech industry. Join our team today and be at the forefront of reshaping the future of development with our innovative AI-powered tools.","Android Development, Communication, Computer Engineering, Computer Science, Design Patterns, English, Model-view-viewmodel (MVVM), Swift (Programming Language), Written Communication, and iOS Development",https://media.licdn.com/dms/image/v2/D4D0BAQFwqcpc5dU5IA/company-logo_100_100/company-logo_100_100/0/1719851300671/turingcom_logo?e=1732147200&v=beta&t=E6bZa7cJZdbgkIqgQilJbCKjf0ZKQw-PAtKI6unb51w,Remote,Indonesia
Turing,Remote Mobile Engineer - AI Development,2 months ago,"Our client, a prominent US-based company, is currently seeking experienced Swift developers.

By joining their team, you will contribute to the advancement of AI in the mobile coding ecosystem by creating AI-powered tools for developers.

Responsibilities:

Develop efficient Swift code to enhance AI capabilities in mobile coding
Utilize the MVVM design pattern to create scalable architectures
Ensure code readability, security, and stability through modular development
Collaborate with QA technologies to maintain code quality
Contribute to the development of AI-powered tools for developers

Requirements:

Accepting applicants from all professional levels, from newly graduated to industry experts.
Bachelor's degree in Engineering, Computer Science, or a similar level of practical experience necessary.
Must be knowledgeable about mobile engineering practices.
Good grasp of Swift and familiarity with the MVVM design approach.
Ability to undertake modular development and perform code tests.
Prior knowledge of QA technologies is advantageous.
Exceptional verbal and written communication skills in English required.

Perks:

Long-term contractor position with full-time dedication
Opportunities to work on cutting-edge projects in the technology sector
Competitive salary in USD, commensurate with international norms
Collaborate with a talented team of professionals
Continuous learning and growth opportunities

Apply today and showcase your skills with our challenging tests and MCQs to increase your chances of securing one of our dynamic roles in the tech industry. Join our team now and be at the forefront of reshaping the future of development with our innovative AI-powered tools.","Android Development, Communication, Computer Science, Design Patterns, English, Mobile Application Development, Model-view-viewmodel (MVVM), Swift (Programming Language), Written Communication, and iOS Development",https://media.licdn.com/dms/image/v2/D4D0BAQFwqcpc5dU5IA/company-logo_100_100/company-logo_100_100/0/1719851300671/turingcom_logo?e=1732147200&v=beta&t=E6bZa7cJZdbgkIqgQilJbCKjf0ZKQw-PAtKI6unb51w,Remote,Indonesia
Turing,Remote Mobile Engineer - AI Development,2 months ago,"Our client, a renowned company from the US, is in need of skilled Swift developers.

By joining this team, you will have the opportunity to contribute to the advancement of AI in the mobile coding ecosystem by creating powerful AI-driven tools for developers.

Job Responsibilities:

Develop efficient Swift code to advance AI capabilities in the mobile coding ecosystem
Utilize the MVVM design pattern for scalable architectures
Ensure code readability, security, and stability through modular development
Collaborate with QA technologies to maintain code quality
Contribute to the development of AI-powered tools for developers

Job Requirements:

Open to individuals across all experience levels, from junior to industry leader.
Bachelor’s degree in Engineering, Computer Science, or equivalent hands-on experience is required.
Required knowledge of mobile engineering.
Good understanding of Swift and MVVM design patterns.
Must be able to carry out modular development and testing of code.
Knowledge of QA technologies will be considered an asset.
Must have excellent English communication skills, both in writing and speaking.

Perks:

Long-term contractor position with full-time dedication
Opportunities to work on cutting-edge projects in the technology sector
Receive a competitive salary in USD, commensurate with international norms
Collaborate with a talented team of professionals
Continuous learning and growth opportunities

Take the leap and test your skills with our challenging tests and MCQs to increase your chances of securing one of our dynamic roles in the tech industry. Join our team today and be at the forefront of reshaping the future of development with our innovative AI-powered tools.","Android Development, Communication, Computer Science, Design Patterns, English, Mobile Application Development, Model-view-viewmodel (MVVM), Modular Construction, Swift (Programming Language), and iOS Development",https://media.licdn.com/dms/image/v2/D4D0BAQFwqcpc5dU5IA/company-logo_100_100/company-logo_100_100/0/1719851300671/turingcom_logo?e=1732147200&v=beta&t=E6bZa7cJZdbgkIqgQilJbCKjf0ZKQw-PAtKI6unb51w,Remote,Indonesia
