Company Names,Job Titles,Posted On,Job Details,Images,Type Location,Locations
tiket.com,Data Science Intern,Posted 30+ days ago,"We think you also hate when travel app is giving you a headache, right? A slight misinformation can ruin the trip.
That is exactly what we are tackling as t-fam! Making sure that our 17+ million users have the best experience in crafting their own adventure.
Your main duties in flying with us:
Conduct exploratory data analysis and grab insights from the data
Involve in model development using machine learning approach
Involve in API / other model serving mechanism implementation
Participate actively in scientific paper discussions
Writing reports and documentations based on discussions and experimentations
Mandatory belongings that you must prepare:
Having background in math, statistics, and/or computer science
Having basic knowledge of programming paradigm (structured / object oriented programming)
Having basic knowledge of machine learning and data analysis
Having basic knowledge of NLP, Information Retrieval, Recommender System, and/or Deep Learning is a plus point
Familiar with python and some data science-related libraries in python, i.e., numpy, pandas and scikit learn
Familiar with SQL
Willing and able to read and understand scientific paper
Strong verbal and written communication skills
In the event that you haven’t received any updates after 3 weeks, your data will be kept and we may contact you for another career destination. Meanwhile, discover more about tiket.com on Instagram, LinkedIn, or YouTube.",https://d2q79iu7y748jz.cloudfront.net/s/_squarelogo/256x256/f5a2cccd945328946a8e5cbf8aecb337,Internship,Jakarta
Global Tiket Network,Data Science Intern,Posted 30+ days ago,"We think you also hate when travel app is giving you a headache, right? A slight misinformation can ruin the trip.
That is exactly what we are tackling as t-fam! Making sure that our 17+ million users have the best experience in crafting their own adventure.
Your main duties in flying with us:
Conduct exploratory data analysis and grab insights from the data
Involve in model development using machine learning approach
Involve in API / other model serving mechanism implementation
Participate actively in scientific paper discussions
Writing reports and documentations based on discussions and experimentations
Mandatory belongings that you must prepare:
Having background in math, statistics, and/or computer science
Having basic knowledge of programming paradigm (structured / object oriented programming)
Having basic knowledge of machine learning and data analysis
Having basic knowledge of NLP, Information Retrieval, Recommender System, and/or Deep Learning is a plus point
Familiar with python and some data science-related libraries in python, i.e., numpy, pandas and scikit learn
Familiar with SQL
Willing and able to read and understand scientific paper
Strong verbal and written communication skills
In the event that you haven’t received any updates after 3 weeks, your data will be kept and we may contact you for another career destination. Meanwhile, discover more about tiket.com on Instagram, LinkedIn, or YouTube.",,Internship,Jakarta
Novo Nordisk,Data Analyst Intern,Posted 18 days ago,"Data Analyst Intern
Category: Education
Location: Jakarta, DKI Jakarta, ID
Are you passionate about data analysis and visualization? Are you looking for an opportunity to develop valuable skills in a global healthcare company? We are seeking a Data Analyst Intern to join our team in our Finance & Operations (F&O) and Customer Engagement (CE) departments. If you are eager to work on data architecture and visualization projects, collaborate with stakeholders, and drive business insights, then this internship is for you. Apply today for a life-changing career.
Novo Nordisk has been globally recognized as the Best Place to Work, topping the ranks for two consecutive years in 2022 and 2023. It is an exciting time to join Novo Nordisk and be part of a dynamic company in an even more dynamic industry, helping us achieve our aspirations to establish a global presence in the industry.
Joining the Data Analyst Intern Pipeline
You are applying to be part of the Novo Nordisk Talent Pool. We are currently not interviewing for this role but we are building a pipeline for future opportunities. If you would like to be considered for a similar position in the future, please submit your CV.
Joining our pipeline means that you will be considered a potential match for all current and upcoming Data Analyst Intern roles.
By applying, we’ll match your profile on a continuous basis against all suitable positions to ensure you don’t miss out on a life-changing career. When an opportunity arises, we will reach out and invite you for an interview. We will keep your application for six months ensuring the best opportunities to provide a solid match for open positions.
If you want to be considered for the Data Analyst Intern position, we look forward to receiving your application.

About the department
The Data Analyst Intern will be part of the Finance & Operations (F&O) and Customer Engagement (CE) departments in Novo Nordisk Indonesia. These departments play a crucial role in ensuring the smooth operation of our business and maintaining strong relationships with our customers. As an intern, you will have the opportunity to work closely with experienced professionals and gain valuable insights into the pharmaceutical industry.

The position
As a Data Analyst Intern, you will work on data architecture and visualization projects, collaborate with stakeholders on requirement gathering, and prepare frameworks to drive business insights. This internship will provide you with the opportunity to develop valuable skills such as data modelling, visualization, and analytical problem-solving.
Internship Duration: 6 months
Location: Jakarta, Indonesia
Internship allowances provided

Qualifications
Currently enrolled in a bachelor’s or master’s degree program in Computer Science, Data Science, or a related discipline.
Proficiency in data modelling and visualization tools, with a strong emphasis on PowerBI (Python is a plus).
Excellent critical thinking and problem-solving abilities.
Capable of working independently and meeting deadlines in a fast-paced environment.

Working at Novo Nordisk
We are a proud life-science company, and life is our reason to exist. We’re inspired by life in all its forms and shapes, ups and downs, opportunities, and challenges. For employees at Novo Nordisk, life means many things – from the building blocks of life that form the basis of ground-breaking scientific research, to our rich personal lives that motivate and energise us to perform our best at work. Ultimately, life is why we’re all here - to ensure that people can lead a life independent of chronic disease.

Contact
Upload your CV to our online career page (click on Apply and follow the instructions).
Deadline
The pipeline is open for applications until October 31, 2024. Due to GDPR, we close the pipelines after 3 months and send email notifications to all active candidates when they are closed, with a link to where you can re-apply to our new Pipeline.
We commit to an inclusive recruitment process and equality of opportunity for all our job applicants.

At Novo Nordisk we recognize that it is no longer good enough to aspire to be the best company in the world. We need to aspire to be the best company for the world and we know that this is only possible with talented employees with diverse perspectives, backgrounds and cultures. We are therefore committed to creating an inclusive culture that celebrates the diversity of our employees, the patients we serve and communities we operate in. Together, we’re life changing.

#LI-AMS1",,Internship,Jakarta
Samsung Electronics,Data Analyst - Junior,Posted 30+ days ago,"Position Summary
1. Contribute to continued discovery of business areas and strategic decision making by resolving issues through data analysis.
Role and Responsibilities
1. [Data analysis] Define and specify data analysis target and support modeling / verification / test / application.
2. [Data-based decision making] Research and support the insight to support decision making in the areas of business direction/market strategy/product strategy.
3. [Verification of decision effects] Support methods to verify the effect of decision on business (A/B Test, Simulator).
4. [Algorithms assetization] Support implementing, evaluating and verifying algorithms for data analysis.
Skills and Qualifications
Bachelor or Master Degree in Computer Science, Mathematics, Electrical Engineering and Physics from Reputable Universities.
Min 1 Year in Data Analytics
Have experience in Advance SQL Query
Knowledge and experience with data analytic tools such as Python, Excel
Strong analytical & statistical skills and ability to interpret complex data
Have experience in AWS Athena / Google Big Query is a plus
Experience in data modelling, data visualization, data manipulation (extract, transform, load), and predictive analytics is a plus
Good Organization and teamworking skill
Excellent communication abilities in English communication skill, in written and oral
Able to communicate in Korean Language is a plus
Samsung has a strict policy on trade secrets. In applying to Samsung and progressing through the recruitment process, you must not disclose any trade secrets of a current or previous employer.",https://d2q79iu7y748jz.cloudfront.net/s/_squarelogo/256x256/08f9772288de0157ee1f9a21f4ef38a0,Full-time,Jakarta
RACC Australia - Migration & Education Services,Data Analyst (Work from Home) (WFH) (Remote),Posted 1 day ago,"About Us
RACC Education and Migration Services have more than 15 years of experience in helping clients to apply for courses and different types of visas in Australia. Our counsellors come from different nationalities, so we are quite multicultural and have a family-type company culture. Our mission is to help people by giving genuine advice. Our values are integrity, honesty, respect, loyalty, and caring.
Qualifications :
MUST BE FLUENT IN ENGLISH
1- 3 years of related experience
Bachelor's degree in a related field (e.g., Industrial Engineering, Data Science, Computer Science, or a similar discipline).
Proven experience in data entry, data analysis, or a related field.
Advanced proficiency in spreadsheet software (e.g., Microsoft Excel, Google Sheets) is a must. Experience with data visualization tools and basic programming (e.g., SQL, Python) is a plus.
Strong attention to detail with a focus on accuracy and consistency.
Ability to handle sensitive information with the highest level of discretion.
Ability to analyze large datasets and derive actionable insights.
Strong verbal and written communication skills, with the ability to present data findings clearly and effectively.
Excellent organizational abilities, with the capability to manage multiple tasks and deadlines efficiently.
Ability to troubleshoot data-related issues and implement effective solutions.
Location :
Work from home, preferably based in Indonesia
Pay :
Salary start from Rp. 5.000.000
Job Type: Full-time
Pay: From Rp500,000,000 per month
Application Question(s):
WhatsApp number that can be contacted. Use wa.me/+62
Experience:
Sales: 2 years (Preferred)
Language:
English (Required)
Application Deadline: 09/13/2024",,Full-time,Jakarta
KewMann Pte Ltd,Data Engineers/Data Scientists(big data analytics/AI),Just posted,"General Job description:
Helping business users with big data analytics & AI initiatives
Developing new products and solutions for both internal and external client facing
To be developed as the lead for data engineering or data science.
Specific Job Description:
Develop mappings and workflows to extract, transform and load data from existing enterprise systems
Develop mappings and workflows to extract, transform and load data from public websites/data sources and other unstructured data sources such as PDF/Word document
Perform the entire cycle of machine learning process (EDA, feature engineering & selection, model selection and evaluation, deployment) and get predicted results
Knowledge on knowledge graph will be advantageous
Create low-level design documents and testing scripts. Conduct unit testing and peer review of other team members
Coordinate integration/system test with SIT team and provide support on user acceptance test
Job requirements:
Solid experience of ETL technologies will be an added advantage.
Strong in database SQL and JSON (or XML)
Good at at least 2 out of these 3 domains: data engineering, data science, and data analysis
Experience in big data technologies – Hadoop, Hue, Hive, Spark etc
Experience in data preparation and cleansing process
Experience in Python in predictive modeling, and resourceful in researching new methods to solve problems.
Experience in building relevant data visualization / discovery applications
Knowledge in advanced data technologies like Kafka, H2O, ElasticSearch etc would be an added advantage
Understanding of graph database/knowledge graph technologies will
Knowledge of data security best practices
Implemented or practicing in data governance (data quality, metadata management etc) is advantageous
Ability to visualize from data acquisition process to end results
0-5 years of relevant experience
Job Type: Full-time
Pay: Rp3,000.00 - Rp8,000.00 per month",,Full-time,Jakarta
Lumina,Data Analyst (Intern),Posted 30+ days ago,"Company Description

Lumina (https://lumina.mba) is a community-based recruiting and benefits platform for blue/grey collar workers in Southeast Asia. We start with helping laid-off workers to get jobs as COVID is recovering in Indonesia and getting them engaged in our community to upskill. In just a few months we attracted more than 1 million job seekers, and more than 50 thousand jobs from thousands of companies.
Lumina's mission is to build technologies for 300 million Indonesians to find jobs and be financially better off. Join our high-performing & ambitious core team, and work directly with the founders!

Job Description
Work with stakeholders throughout the organization to identify opportunities for leveraging company data to drive business solutions.
Build reporting & monitoring dashboards for stakeholders to manage their daily business process
Mine and analyze data from company databases to drive optimization and improvement of product development, marketing techniques and business strategies.
Assess the effectiveness and accuracy of new data sources and data gathering techniques.

Qualifications
Experience using statistical computer languages (SQL, R, Python, etc.) to manipulate data and draw insights from large data sets.
Strong quantitative, mathematical, and analytical problem solving skills.
Able to convey data & insights through appropriate visualization techniques.
Knowledge of advanced statistical techniques and concepts (regression, properties of distributions, statistical tests and proper usage, etc.) and experience with applications.
Excellent written and verbal communication skills for coordinating across teams.
A drive to learn and master new technologies and techniques.
Students/fresh graduate majoring in STEM (Science, Technology, Engineering, Mathematics) or Statistics is a plus.

Additional Information

What is like to work at Lumina?
Lumina is, at heart, a technology company. To achieve our mission, we need strong engineers who can help solve the complex problems we face day-to-day. In building high-engagement consumer products, we must match varying user needs with great technological innovations.
We work in small, iterative sprints with a focus on experimentation to gain actionable insights and give value to our users. As a young team of engineers, we are keen on learning and improving ourselves together by living the journey of a fast-growing startup.
We strive to work in a company of warm, high energy, and inclusive people who treat each other exceptionally well. In retrospective sessions, we facilitate and encourage each other to grow in the direction of their personal mission and values. We are committed to build a healthy long-term working relationships where you can reach your full potential.
Note:
At Lumina, we’re looking for people with high ownership, growth-mindset, and integrity. We encourage you to apply even if your experience doesn’t precisely match the job description. Our rigorous interview and onboarding process will help in finding what’s stand out and exceptional in yourself.",,Internship,Tangerang
Shopee,"Data Scientist, Business Intelligence",Posted 30+ days ago,"Department Business Intelligence and Data Analytics
LevelExperienced (Individual Contributor)
LocationIndonesia - Jakarta
The Business Intelligence and Data Analytics team plays a critical role in conducting close-loop data-driven business iterations. As business intelligence specialists and data analysts, our scope of work is not limited to just performance monitoring and reporting, but also in proactively finding actionable insights to help drive high-impact business changes. Our end-to-end data solution reduces the gap between the business teams and technical teams, and achieves real ‘intelligence’ in the iteration cycle. Browse our Business Intelligence and Data Analytics team openings to see how you can make an impact with us.
Job Description:
Prototyping, developing, and deploying advanced analytics data models and machine learning solutions.
Communicating with the product and business teams to understand business processes and translate them to modeling requirements.
Researching industry trends and competition information, analyze the change trend of user demands, and diagnose business problems through multi-dimensional analysis, discovering risks, excavation opportunities & providing optimization.

Requirements:
Master's or Bachelor's degree in Science, Technology, Engineering dan Mathematics or a relevant field of study
Min. 1 year of relevant experience in Data Science or similar fields.
Advanced knowledge in Python/R is essential and working knowledge of SQL is strongly preferred.
Familiarity in Natural Language Processing / Deep Learning specific algorithms is a plus (e.g. NLTK, SKLearn, TensorFlow).",,,Jakarta
Cybertrend Intrabuana,"Trainer of Data (Data Engineering, Data Visualization and Data Science)",Posted 30+ days ago,"Academy Team
Join the Cybertrend’s center of data science and AI excellence and create solution with real business value side by side with us!
About The Role
We are SmartCyber, a member of Cybertrend, one of the leading data science consultants in Indonesia.
At CYBERTREND, we bridge the gap between education and industry. We understand that relevant competencies are crucial in an ever-evolving workforce. Our mission is to create an educational and training ecosystem that aligns with industry needs, producing top-tier talents ready to compete globally.
As a TRAINER FOR DATA ENGINEERING, DATA VISUALIZATION, AND DATA SCIENCE, you will be part of the core team, contributing to building the institution towards success and accelerating your professional career through competency certification.
Your responsibilities will include developing and delivering training programs, creating engaging learning materials, conducting both in-person and virtual training sessions, staying updated with industry trends, providing mentorship to trainees, and collaborating with other trainers and experts to continuously improve the curriculum.
We are looking someone with:
Bachelor’s degree or higher in Computer Science, Statistics, Mathematics, or a related field.
Minimum of 2 years of work experience in data engineering, data visualization, and data science. Experience as a trainer or instructor is preferred.
Deep understanding of data tools and technologies such as SQL, NoSQL, Hadoop, Spark, Tableau, Power BI, Python, R, TensorFlow, and Keras.
Solid understanding of cloud computing platforms and services.
Ability to create and deliver engaging and informative presentations.
Data analysis skills and experience in developing predictive models.
The work you’ll do:
Develop Training Material:
Design comprehensive training curricula for data engineering, data visualization, and data science.
Regularly update training materials to keep pace with technological advancements and industry needs.
Content Adaptation:
Tailor training materials to meet the diverse needs of participants.
Deliver Training:
Conduct training sessions in-person or via online platforms.
Use effective teaching methods to ensure participant understanding.
Interactive Learning:
Incorporate hands-on exercises, real-world scenarios, and interactive discussions
Assessment and Feedback:
Evaluate participant progress through tests, assignments, and projects.
Provide constructive feedback to help participants enhance their skills.
Continuous Improvement:
Implement feedback mechanisms to enhance training quality and effectiveness.
Coaching and Mentoring:
Provide individual and group coaching to training participants.
Assist participants in understanding complex concepts and applying them to real-world projects.
Skill Development:
Foster a supportive learning environment that encourages skill enhancement.
Documentation and Reporting:
Manage training documentation, such as attendance records, evaluation results, and certificates.
Report training progress and outcomes to management.
Stay Updated:
Keep abreast of the latest trends and developments in data technology.
Attend seminars, workshops, and additional training to enhance knowledge and skills.
What Cybertrend can offer you:
The unique opportunity to work within data science and artificial intelligence solution for various industries – real world data science, AI , Data Management and Governance experiences
Investment in your personal growth and skill development (clear career paths, mentorship and coaching, learning development, etc)
Attractive compensation and benefits packages
An open-minded culture with innovative, autonomous teams
A clear set of company core values that guide everything we do: GROWTH mindset, SOLUTION oriented, INNOVATIVE achiever, COMPASSIONATE, GOTONG ROYONG and Cool & FUN
Location : Jakarta",,,Jakarta
PT Adi Data Informatika,PT Adi Data Informatika visibility public,Posted 30+ days ago,"AdiData is an IT company focus in providing total IT Business Solutions, IT Infrastructures and IT Services to our customers. Our team has a lot of experiences in delivering the best IT Business Solutions, IT Infrastructures and IT Services with the latest trend, latest products/technologies and high quality of services.
Deskripsi Pekerjaan

Melakukan Analisa terhadap issue yang masuk

Melakukan penyelesaian yang tepat terhadap seluruh issue yang masuk

Melakukan eskalasi terhadap issue yang masuk kepada PIC

Melakukan Follow up terhadap penyelesaian issue

Membuat Laporan harian
Kualifikasi

Candidate must possess at least Bachelor's Degree in Computer Science/Information Technology or equivalent.

At least 1 Year(s) of working experience in the related field is required for this position.

Preferably Staff (non-management & non-supervisor) specialized in Technical & Helpdesk Support or equivalent.

Menguasai dan mampu melakukan troubleshooting berbasis Windows

Memiliki pengetahuan yang baik tentang IT

Lebih diutamakan apabila memiliki pengalaman sebagai Helpdesk/Support untuk aplikasi DMS (Distribution Management Systems)

Mampu berkomunikasi baik secara lisan maupun tulisan

Memiliki motivasi, inisiatif yang tinggi

Dapat bekerja secara individu maupun team

Bersedia bekerja secara Shifting sesuai ketentuan

Memiliki pengetahuan tentang Hardware, Infrastruktur, Server",,,Jakarta
Global Tiket Network,Associate Data Scientist,Posted 30+ days ago,"Your main duties in flying with us:
Work with stakeholders throughout the organization to identify opportunities for leveraging company data to drive business solutions.
Mine and analyze data from company databases to drive optimization and improvement of product development, marketing techniques, and business strategies.
Develop custom data models and algorithms to apply to data sets.
Use predictive modeling to increase and optimize customer experiences, revenue generation, ad targeting, and other business outcomes.
Develop company A/B testing framework and test model quality.
Coordinate with different functional teams to implement models and monitor outcomes.
Develop processes and tools to monitor and analyze model performance and impact on the business.
Do mentoring and guiding junior team members
Research and development on novel machine learning techniques, including research paper writing and their applications
Mandatory belongings that you must prepare:
Bachelor's/Master's degree in Computer Science, Statistics, Mathematics, Engineering, or a related field.
0-2 years of experience in data science, machine learning, data analysis and modelling or a relevant field.
Proven track record of conducting research and publishing papers in reputable conferences or journals.
Strong problem-solving skills with an emphasis on product development.
Proficient in programming skills (Python, R, SQL, etc.) for data acquisition, processing, and analysis from large data sets.
Knowledge of data science concepts (regression, classification, clustering, properties of distributions, statistical tests, and proper usage, etc.) and experience with applications.
Have the understanding on design and implement statistical models.
Knowledge of a variety of machine learning techniques (Random forest, SVM, artificial neural networks, etc.) and their real-world advantages/drawbacks.
Excellent written and verbal communication skills for coordinating across teams.
A drive to learn and master new technologies and techniques.",,Full-time,Jakarta
AwanTunai,Data Scientist,Posted 7 days ago,"Jakarta, DKI Jakarta
Work Type: Full Time

Company Overview
AwanTunai is the leading vertical fintech player digitizing the offline FMCG supply chain in Indonesia. We solve for both operational and financing pain points through ERP software and integrated embedded financing for offline suppliers. Our traditional suppliers have aggregate annual sales of over $3bn+ and our embedded financing is on track to reach the annualized $1bn milestone next quarter. We have been growing revenues at an average 30% QoQ with 0.2% credit loss rates over the pandemic period across hundreds of traditional suppliers.

Our financial impact has won accolades from the UNCDF, Monetary Authority of Singapore, and with the IFC (World Bank Group) as a major shareholder. Management and our impact focused shareholders are committed to building a world class team regardless of diversity or location.
Our fraud management has won the trust of global banking groups (MUFG, OCBC), the largest local institutions (Bank BRI, Bank Mandiri), as well as global insurers (AA rated Munich Re) who protect our loan assets against credit default.

Role
AwanTunai is looking for a Data Scientist who will analyze and interpret complex data using statistical methods, machine learning, and domain expertise to extract insights, make predictions, and drive data-driven decisions.

Responsibilities
1. Conduct data exploration and discovery, and advanced data mining analysis on spatial-temporal data, user behavioral data, transaction data, machine/device log data, and others
2. Conduct experiments with data, build working prototypes to demonstrate ideas and results
3. Build scalable pipeline and data science models with open source systems or proprietary tools
4. Collaborate with business teams to contribute to new use cases for solving clients’ problems
5. Participate in IP creation, such as patenting, case studies, white papers and research papers as determined by business needs

Requirements
1. 3+ years experience of successful application of machine learning, data mining, and statistical analysis with demonstrable impact and proven track records
2. Demonstrated ability to take high level, loosely-defined business problems and identify precise, quantitative solutions
3. Working knowledge of databases and query engines for structured and unstructured data, data transformation (ETL), software development methodologies, and data science languages like Python, R, or others
4. Self-starter, capable of experimenting with various tools and developing own code and scripts for data manipulation, experimentation, algorithm implementation, accuracy measurements, etc.
5. Familiar with basic software development skills (agile methodologies, testing, version control, etc.)
6. Preferred to have advanced degree in Computer Science, Machine Learning, Operational Research, Mathematics or Statistics, or other equivalent subjects
7. Preferred to be familiar with basic software development skills (agile methodologies, testing, version control, etc.)",,Full-time,Jakarta
Amar Bank,Jr Data Scientist,Posted 30+ days ago,"Who are we?

Amar Bank is one of the most technologically advanced digital banks in Indonesia. Our leading
digital lending product, Tunaiku has the distinction of being the first FinTech product in
Indonesia. We are also the first digital bank on the cloud. As the first profitable digital bank, we
managed to get listed on the Indonesian Stock Exchange.

How did we manage to do that?

We are changing people’s perception of a bank. We believe we are the innovators who combine
customer focus principles with creating technology-based impact. We incorporate freedom and
flexibility as part of our startup working culture DNA to encourage innovation in creating better
financial solutions for the banking industry. We think of ourselves as, ‘A technology company
with a banking license’. For this reason, we ‘Act like a FinTech, and think like a Bank.’

How did it all start?

Founded on March 15, 1991, in Surabaya as PT Anglomas International Bank (Amin Bank), the
bank was acquired by Tolaram Group and transformed to PT Bank Amar Indonesia (Amar Bank)
in 2014. It has then undergone a significant digital transformation to become one of the
country's forerunning fintech institutions through its award-winning digital lending platform,
Tunaiku.

Our philosophy, mission, and vision

Technology must impact lives, must improve lives. We exist to provide banking to those who
‘need’ and not only to those who ‘want’. Services when provided to those who need at the time
of their need brings smiles. Our vision is to bring 200 million smiles.

More about the bank with startup culture environment

Consist of 1000+ people, you will meet people who love to grow, dream big, and actually have
fun at the workplace! We provide a great working environment that pushes people to grow
outside their comfort zone. People with high drive and ambition find us a very attractive place to
work as their career growth matches their own drive and not any staid policies. Thus we hold
the honor of being awarded “Best Place to Work in Indonesia”.

Recently Amar Bank was awarded as Inspirational Brand from APEA (Asia Pacific Enterprise
Awards) 2022. Of course, our innovation won't stop here. So if you would love to be a part of it,
have a growth mindset, and are constantly hungry for challenges, we invite you to join us in our
journey to ‘Impact Lives’.

Join us today and create #unlimitedinnovations!
Responsibilities
Data Cleaning and Preprocessing: data cleaning and preprocessing tasks, preparing data for analysis.
Implementation of Models: implementing machine learning models may work on simpler models and have less experience in selecting and fine-tuning them.
Collaboration: work closely with senior team members, learning from them and contributing to projects under guidance.
Documentation: documenting their work, including data processing steps, model implementation, and results.
Requirements
Education: a bachelor's or master's degree in a relevant field such as computer science, statistics, or a related quantitative discipline.
Programming skills: proficiency in programming languages like Python or R.
Basic statistics and mathematics: understanding of basic statistical concepts and mathematical foundations of machine learning.
Tools and Frameworks: familiarity with common data science tools and frameworks.
Communication Skills: ability to communicate findings effectively to both technical and non-technical stakeholders.
Bonus Point If
Prior working experience from banking sector, especially from area of debt collection
We exist to innovate and maintain the architecture of Amar Bank's products. As part of our main focus to create through technology we ensure the process and technology we use helps maintain and build human connection at scale.

It’s our job to plan, monitor, and control the technology growth so we can provide a faster, more convenient, and more efficient way of performing business transactions.",,Full-time,Jakarta
Nestle Operational Services Worldwide SA,"IT Analytics, Data and Integration Technology Expert",Posted 2 days ago,"Position Snapshot
Location: Jakarta, Indonesia
Company: Nestlé Indonesia
Full Time

Position Summary
Joining Nestlé means you are joining the largest food and Beverage Company in the world. At our very core, we are a human environment – passionate people driven by the purpose of unlocking the power of food to enhance quality of life for everyone, today and for generations to come.

As an IT Analytics, Data Integration Technology Expert, Under the supervision and guidance of her/his primary Community of Practice Lead and Product Group Manager based in Switzerland, the Technology Expert brings deep expertise and knowledge to the product or platform team. S/He guides and promotes optimal use of technology to support the cost effective delivery of business requirements within their area of expertise. Working at the leading edge of IT for the product or platform, the Technology Expert performs preliminary studies, helping to set the technological direction with the product or platform manager. S/He supports delivery and sustain of the most complex applications and business capabilities, and may be accountable for specific deliverables in relation to development or support or may lead the technical activity within their area of specialty.

A day in the life of IT Analytics, Data and Integration Technology Expert
Technology expertise; Provides deep specialist knowledge and skills in data science and engineering, supports integration of solutions with various technologies.
Operational effectiveness and efficiency; Implements continuous improvement on effectiveness, efficiency and delivery of services through the use of technology and technical methodologies.
Security, compliance & risk management; Responsible for ensuring that all solutions are delivered and maintained securely and compliant with internal standards and external regulations, including privacy requirements and understands the business risks and delivers solutions within acceptable risk level.
Stakeholder engagement; Works with functional managers, product managers, Tech Leads, Solution Architects and Business Analysts as required to ensure any solution fits with strategic and technical direction.
Supplier and strategic partners management; Liaises closely with suppliers and vendors, for example where third party works involve significant functional, technical, process, data or integration decisions.

What will make you successful
Bachelor's degree in computer science, system analysis or a related study, or equivalent experience
4 years of experience in the relevant area of expertise
Experience of successfully leading technical evaluations
Experience of resolving technical issues, including those involving 3rd parties
Preferably certification in corresponding technical fields
Experience with effective communication at different levels in the organization and in English
Experience working in a global environment and with virtual teams",,Full-time,Jakarta
TyrAds,Data Engineer,Posted 8 days ago,"Data Engineer
Bali, BALI
Work Type: Full Time

Job Summary:
We are seeking a skilled Data Engineer to join our team. The ideal candidate will have a strong technical background in designing and developing data pipelines, integrating and managing data systems, and collaborating with various stakeholders to deliver high-quality data solutions. This role is vital to ensuring our data infrastructure is robust, scalable, and optimized to meet the business’s evolving needs.

Location: Bali, Indonesia (in office)
Key Responsibilities:
Design and Develop Data Pipelines:
Create and maintain optimal data pipeline architecture.
Assemble large, complex data sets that meet functional and non-functional business requirements.
Data Integration and ETL:
Build the infrastructure required for the optimal extraction, transformation, and loading (ETL) of data from various data sources.
Develop processes and tools to monitor and analyze data pipeline performance.
Database Management:
Work with data and analytics experts to strive for greater functionality in our data systems.
Implement, maintain, and optimize database solutions, including both SQL and NoSQL databases.
Collaboration and Communication:
Collaborate with data scientists, business analysts, and other stakeholders to understand data needs and provide technical solutions.
Communicate project progress, issues, and solutions effectively to the team and management.
Data Quality and Governance:
Ensure data quality and data governance standards are maintained.
Implement data security measures and compliance policies.
Qualifications:
Education and Experience:
Bachelor’s or Master’s degree in Computer Science, Information Technology, Engineering, or a related field.
Proven experience as a Data Engineer or in a similar role.
Technical Skills:
Proficient in SQL and experienced with relational databases.
Experience with big data tools such as Hadoop, Spark, or Kafka.
Knowledge of data pipeline and workflow management tools like Airflow or Luigi.
Experience with cloud services (AWS, Azure, GCP) and containerization technologies (Docker, Kubernetes).
Programming Skills:
Strong programming skills in Python, Java, Scala, or similar languages.
Soft Skills:
Strong problem-solving skills and attention to detail.
Excellent communication and teamwork abilities.
Ability to work in a fast-paced, dynamic environment.
Preferred Qualifications:
Experience with machine learning and data mining techniques.
Familiarity with data visualization tools such as Tableau or Power BI.
Knowledge of data privacy regulations and best practices.
Why Join Us?
This is an exciting opportunity to contribute to the development and optimization of our data infrastructure, working with a team of talented professionals in a fast-paced and innovative environment. If you are passionate about data and have the technical skills to match, we encourage you to apply.",,Full-time,Bali
Mekari (PT. Mid Solusi Nusantara),Data Intelligence,Active 22 days ago,"Mekari is Indonesia's no. 1 Software-as-a-Service (SaaS) company. With our ecosystem of software solutions—including Mekari Jurnal, Mekari Talenta, Mekari Qontak, and Mekari Flex, we aim to facilitate entrepreneurs and leaders as they accelerate the digital transformation of their businesses.

In our 10+ years of journey we have reached over 1 Million platform users, and we're not planning to stop any time soon. We need more people like you: builders and owners with calculated ambition who are eager to grow and create their #BiggestImpact.
Job Descriptions:
Performs analysis and generates insights and recommendations to support the business/product in decision-making.
Creating and maintaining data models to represent the structure and relationships within the data.
Conducting in-depth analysis of data to discover patterns, trends, and insights.
Collect data from multiple sources to create integrated views that can be used to drive decision-making.
In charge of the day-to-day analytical requirements, communicating issues, and suggesting remedial action and improvements where appropriate.
Oversee the execution of strategy recommendations for intelligence/data-driven capacity.
Accountable for data integrity and quality, ensuring it is continuously maintained and improved.
Develop and update technical documentation as necessary.
Requirements:
Experience with Big Data/Analytics Platforms like R and Phyton is preferred.
Analytical mindset and ability to see the big picture and influence others.
Detail-oriented and must have an aptitude for solving unstructured problems.
Background in data warehouse design (e.g. dimensional modeling) and data mining.
Familiar with one or more languages for querying (e.g. SQL, PostgreSQL).
Proven abilities to take initiative and be innovative.
Analytical mind with a problem-solving aptitude.
BSc/BA in Mathematics, Computer Science, Engineering, or relevant field.
Working Arrangement: Hybrid.
Office location: Sudirman, Jakarta, Indonesia.
Our team will review your application and will be in touch if your application is shortlisted to the next stage. If you do not hear from us in 30 days, we will keep your resume on file in case a relevant opportunity opens up.

Don't forget to check our Recruitment FAQ at bit.ly/RecruitmentFAQ-Mekari [ENG] or bit.ly/RekrutmenMekari-FAQ [INA] to find the answers to commonly-asked questions regarding our recruitment process.
We wish you the best. Hope to see you around soon!",,,Jakarta
HSBC,Manager Data and Analytics,Posted 5 days ago,"Job Advert Details
Some careers shine brighter than others.
If you’re looking for a role that will help you stand out at HSBC, take a look at how you can fulfil your potential.
Wealth and Personal Banking serves more than 50 million customers worldwide with a complete range of banking and wealth management services to enable them to manage their finances and protect and build their financial futures. It is a global business that brings together management responsibility for Retail Banking, Wealth Management, Insurance and Asset Management with a focus on customer-centric propositions and innovative and efficient distribution channels.
We are currently seeking an experienced professional to join this team in the role of Associate Manager / Manager Data and Analytics
Responsibilities:
This role will be responsible for securely and correctly monitoring, maintaining, and designing WPB databases. A majority of the tasks involves creating and modeling databases, which means this role will spend a significant amount of time collaborating with users to identify the data they need to use, the frequency, what categories they require, and how to smoothen the process for them. After developing the dataset, this role will be responsible for testing it extensively to ensure accuracy. Data troubleshooting, security, backup, integrity and regulatory compliant are critical parts of this job.

Qualifications
To be successful in this role, you should meet the following requirements:
Indonesia Citizen only
Advanced working SAS, SQL knowledge and experience working with relational databases, as well as working familiarity with a variety of databases.
Experience building and optimizing ‘big data’ data pipelines, architectures and data sets.
Strong project management and organizational skills.
Experience supporting and working with cross-functional teams in a dynamic environment.
2+ years of experience in a Data Engineer role, who has attained a Graduate degree in Computer Science, Mathematics, Physics, Statistics, Informatics, Information Systems or another quantitative field
Experience with big data tools.
Experience with data pipeline and workflow management tools.
Experience with cloud services
Experience with stream-processing systems.
Experience with object-oriented/object function scripting languages: Python, Java, C++, SAS, R programming, etc.
You’ll achieve more at HSBC
HSBC is committed to building a culture where all employees are valued, respected and opinions count. We take pride in providing a workplace that fosters continuous professional development, flexible working and opportunities to grow within an inclusive and diverse environment.",,Full-time,Jakarta
Deloitte,Graduate Analyst Program - Technology Strategy & Transformation - October intake,Posted 30+ days ago,"Graduate Analyst Program - Technology Strategy & Transformation - October intake
Date: 28 Aug 2024
Service Line / Portfolios: Enterprise Technology & Performance
Location: Jakarta, ID
Brunei, BN
Are you ready to unleash your potential?

At Deloitte, our purpose is to make an impact that matters for our clients, our people, and the communities we serve.

We believe we have a responsibility to be a force for good, and WorldImpact is our portfolio of initiatives focused on making a tangible impact on society’s biggest challenges and creating a better future. We strive to advise clients on how to deliver purpose-led growth and embed more equitable, inclusive as well as sustainable business practices.

Hence, we seek talented individuals driven to excel and innovate, working together to achieve our shared goals.

We are committed to creating positive work experiences that foster a culture of respect and inclusion, where diverse perspectives are celebrated, and everyone is recognised for their contributions.

Ready to unleash your potential with us? Join the winning team now!

Work you will do
You will be part of our structured Deloitte SEA Graduate Analyst Program and be given a personal coach, the opportunity to undergo a 2-week intensive bootcamp training aimed at equipping you with the skillsets necessary to excel, and opportunities to gain regional exposure by travelling across SEA as part of project assignments, and other professional development opportunities.


This program will allow you to develop core consulting skills and business acumen whilst gaining access to a wide scope of training and development activities. In addition, you will have an opportunity to work with like-minded people and gain exposure to a variety of projects within the chosen business area. You will be at the center of it all, performing research, data analysis and modelling to tackle complex business problems. In addition, you will contribute directly to the development of proposals, presentations, and publications.

This role sits within the Technology Strategy and Transformation (TS&T) team of Deloitte Southeast Asia, which encompasses IT Strategy and Transformation. As a leader of this group, you will drive the growth of our TS&T business in the region and be responsible for the creation, sale and delivery of TS&T solutions: IT Strategy, Application & Systems Development, IT Business Transformation, etc

As an Analyst, your role would include but not limited to:

Supporting project teams in providing end-to-end advisory and overlay point-of-views and industry insights onto the research and analyses provided by the project teams, and seek to formulate innovative technology-enabled solutions to address our clients’ business needs.
Managing the assessment and business requirements gathering processes, review appropriateness of functional specifications against the problem statements/business requirements, and support solutions prototyping and architecture re-design by applying industry insights and know-hows.
Engaging our clients in discussions, presentations and workshops to validate technology-enabled solutions provided by the project teams, as well as perform walk-through of work products and deliverables with the clients.
Develop trusted relationships with your clients and gain recognition in the marketplace for technical and advisory capabilities across the spectrum.
Provide quality assurance and ensure timely delivery of work products developed by the project teams.
Actively coach project teams during the execution of projects and support senior team members in maintaining operational excellence at all times.
Together with project team, meet clients on a regular basis to define problem statements, analyze key priorities/issues, and work with senior team members to develop responses to client enquiries, formulate proposals and produce point-of-view publications.

Your role as a leader

At Deloitte, we believe in the importance of empowering our people to be leaders at all levels. We connect our purpose and shared values to identify issues as well as to make an impact that matters to our clients, people and the communities. Additionally, Analyst across our Firm are expected to:

Demonstrate a strong commitment to personal learning and development.
Understand how our daily work contributes to the priorities of the team and business.
Understand the set expectations and demonstrate accountability in keeping personal performance on track.
Actively focus on developing effective communications and relationship-building skills with stakeholders, clients, and team.
Demonstrate an appreciation for working with others.
Understand what is fundamental to Deloitte’s success as a business.
Demonstrate integrity and an awareness of strengths, differences, and personal impact.
Develop their understanding of Deloitte and offer a fresh perspective.

What we are looking for
In your final year of study or recent graduate between 0-2 years of work experience
Available to commence in October 2024.
Strong academic performance in Information Technology, Business Information Systems, Business, Engineering or Computer Science or related disciplines
Some experience in either advisory or as implementation experience in the following areas:
- IT Strategy: IT strategy development, IT governance, IT operating model, enterprise architecture
IT Transformation: IT sourcing advisory, program and project management advisory
IT Operations: IT service management, IT shared service management
IT Optimization: IT cost reduction, IT Merger & Acquisition
Understanding of current IT trends (cloud computing, big data, social media, RPA, IoT, blockchain, etc.).
Team player with effective interpersonal and communication skills • Demonstrated leadership and teamwork within or outside a work setting
Exceptional problem-solving ability, logical reasoning, creative thinking, comfort with numbers, and the ability to untangle complex issues
Fluent verbal and written English language skills

Due to volume of applications, we regret that only shortlisted candidates will be notified.

Please note that Deloitte will never reach out to you directly via messaging platforms to offer you employment opportunities or request for money or your personal information. Kindly apply for roles that you are interested in via this official Deloitte website.

This role is open to those that possess a valid permit or status to work in Indonesia, Malaysia, Thailand, Singapore.

#LI-LC

Requisition ID: 104666
In Indonesia, the services are provided by Imelda & Rekan and other related entities in Indonesia (""Deloitte in Indonesia""), which are affiliates of Deloitte Southeast Asia Ltd. Deloitte Southeast Asia Ltd is a member firm of Deloitte Touche Tohmatsu Limited. Deloitte in Indonesia, which is within the Deloitte Network, is the entity that is providing this Website.",,,Jakarta
PwC,Associate - Tax - Data Analytics,Posted 30+ days ago,"Line of Service
Industry/Sector
Specialism
Management Level
Associate
Job Description & Summary
The Innovation Team is at the core of innovation and emerging technology development, discovery, deployment and support activity. Our team is leading the effort to digitally enable our business. Our mission is to develop disruptive & innovative technologies and products that drive the evolution of how we deliver our services now and in the future. The key technology domains we are currently focused on include business process automation, data curation, industrialized analytics, machine learning & AI and scalable delivery platform.

A career in our Tax Reporting and Strategy practice, within Innovation services, will provide you with the opportunity to help our clients’ tax departments redesign, redefine, and redeploy tax to be a strategic asset across the enterprise. You’ll focus on assisting clients incorporate increased automation in the tax reporting process, increase analytic capabilities through data integration, and create solid internal controls that will enable the Tax function to deliver better quality output and contribute more strategically to organisational decision making.

Our team helps our clients expand the tax role to include research, analytics, and technologies to improve how their organisation collaborates and performs. You’ll focus on enhancing the tax reporting process by incorporating increased automation, integrating quality data, developing analytic capabilities, and utilising technology to deliver better quality output in less time.
To really stand out and make us fit for the future in a constantly changing world, each and every one of us at PwC needs to be a purpose-led and values-driven leader at every level. To help us achieve this we have the PwC Professional; our global leadership development framework. It gives us a single set of expectations across our lines, geographies and career paths, and provides transparency on the skills we need as individuals to be successful and progress in our careers, now and in the future.
As an Associate, you'll work as part of a team of problem solvers, helping to solve complex business issues from strategy to execution. PwC Professional skills and responsibilities for this management level include but are not limited to:
Invite and give in the moment feedback in a constructive manner.
Share and collaborate effectively with others.
Identify and make suggestions for improvements when problems and/or opportunities arise.
Handle, manipulate and analyse data and information responsibly.
Follow risk management and compliance procedures.
Keep up-to-date with developments in area of specialism.
Communicate confidently in a clear, concise and articulate manner - verbally and in the materials I produce.
Build and maintain an internal and external network.
Seek opportunities to learn about how PwC works as a global network of firms.
Uphold the firm's code of ethics and business conduct.
Essential Skills and Experience
Bachelor degree from Computer Science, Information System, and related, with minimum GPA of 3.. Fresh graduates are welcome to apply.
Background and passionate in data analysis, programming, and how these can be used to create value to a client from data analytics spectrum.
Familiar/experienced in data structures and query language (SQL, ETL, SSIS).
Experience in statistical packages (Excel, R, Python, SPSS, SAS) is a plus point.
Strong analytical thinking, problem solving, and strong attention to detail.
Good communication skill, able to articulate a business issue and potential impact without resorting to technical language.
Well-rounded team player as well as individual settings.
Actively building good working relationships with both colleagues and client personnel at all levels.
The ability to work flexibly and effectively in different teams for varying periods of time.
Some knowledge of finance, accounting, ERP systems, although not essential.
Education (if blank, degree and/or field of study not specified)
Degrees/Field of Study required:
Degrees/Field of Study preferred: Bachelor Degree
Certifications (if blank, certifications not specified)
Required Skills
Optional Skills
Desired Languages (If blank, desired languages not specified)
Travel Requirements
0%
Available for Work Visa Sponsorship?
No
Government Clearance Required?
No
Job Posting End Date",,Full-time,Jakarta
Jakarta,Data Analyst (AG),Posted 6 days ago,"Jadi bagian dari tim hebat dari perusahaan global.
Bergabunglah dengan perusahaan global kami dan buka peluang tanpa batas dengan berkolaborasi bersama tim yang beragam dan berbakat. Bersama-sama, kami menciptakan kesuksesan, mendorong inovasi, dan menciptakan dunia dengan berbagai peluang yang tak terbatas.

Detail Pekerjaan
1. Gather data from various sources, such as databases, APIs, and spreadsheets. 2. Clean, organize, and prepare data for analysis, ensuring accuracy and consistency. 3. Analyze datasets to identify trends, patterns, and insights that can help inform business decisions. 4. Use statistical techniques and tools to interpret data and generate meaningful insights. 5. Create reports, dashboards, and visualizations to present data findings to stakeholders. 6. Use data visualization tools (e.g., Excel, Tableau, Power BI) to effectively communicate complex data in a clear and concise manner. 7. Ensure data accuracy and integrity by performing regular data audits and validation checks. 8. Support business planning by offering data-backed projections and scenario analysis. 9. Identify opportunities for business growth and optimization through data analysis. 10. Implement tools and technologies that streamline data processing and reporting.
Persyaratan Keahlian
1. Must have experience with data analysis tools and programming languages, such as SQL, Python, or SAS. 2. Must have Experience with data visualization tools like Power BI, Looker Studio, or Tableau. 3. Familiarity with database systems, data lakes, and cloud-based data platforms (e.g., AWS, Google Cloud, Azure). 4. Experience in creating and delivering presentations to senior management. 5. A degree in Data Science, Statistics, Mathematics, Computer Science, or a related field 6. 1 year minimum experience in the same field.
Tingkat Pendidikan
Bachelor Degree in Any Major.",,,Jakarta
Kredivo Group,Data Engineer & Analytics,Just posted,"As a Data Engineer and Analytic you will be tasked with empowering internal stakeholders to delve deep into the complexities of the data in our warehouse. You will work closely with Product, Engineering, and Data teams to build scalable data pipelines and design data analytics engines that empower deep insights for users. The person in this position will take work seriously, has a strong sense of duty, and is disciplined. The position will generally be task oriented, requiring someone with a conservative, careful, and cautious approach to work.
About the job:
Design and develop scalable business data solutions across the entire data supply chain.
Create and review technical and user-focused documentation for data solutions (data models, data dictionaries, business glossaries, process and data flows, architecture diagrams, etc.).
Solve for complex data integrations across multiple systems.
Collaborate with management, business partners, analysts, developers, architects, and engineers to support data quality efforts.
Expertise (can teach/instruct others): in current data warehousing concepts (using technologies like Redsift, Spark, Hadoop, web services, etc to support business-driven decisioning)
SQL and database scripting
With data manipulation scripting languages (like Python or Scala)
With Data Science toolsets and technology stack
About you:
A passionate and curious individual in Data Engineering and Analytics subject areas
1-3 years of any relevant experiences in Data Engineering, Data Warehouse, Business Intelligence, Analytics
Good proficiency in writing SQL, either in RDBMS (i.e. MySQL, PostgreSQL, etc) or OLAP (i.e. BigQuery, Redshift, Oracle, etc.)
Ability to write robust and scalable code in Python or other scripting programming language
Good knowledge in creating a workable business dashboard.
Basic proficiency or experience in infrastructure setup using cloud services (i.e. AWS, GCP, Azure).
Strong passion in data engineering or business intelligence areas, ability to search or create solutions.
Good communication skills in Bahasa and English. Mostly explaining technical things.
Good workable attitude, something we could invest time to develop",,Full-time,Jakarta
Cybertrend Intrabuana,Web UI/UX Designer Intern,Posted 30+ days ago,"Internship
Join the Cybertrend’s center of data science and AI excellence and create solution with real business value side by side with us!
We are looking someone with:
Excellent communication skills to collaborate with various stakeholders
Strong knowledge of UX and web design.
Strong Proficiency with the following UX tools (Overflow, Sketch, Figma, Invision / Marvel).
In the event that you haven’t received any updates after 3 weeks, your data will be kept and we may contact you for another career opportunity.
Location : Jakarta",,Internship,Jakarta
SMART Agribusiness and Food,Digital Talent Program,Posted 30+ days ago,"Job description:
Drive / design / build cool digital-solutions (Web, Mobile, AI, Cloud, IoT, Beautiful Data Visualization applications) to solve business problems
Involve in driving game-changing process improvements in various area, among other – commerce, logistic, plantation, manufacturing, Finance, HR, Procurement and IT
Demonstrate leadership competency development during the project delivery: Focuses on Customers, Innovates, Realizes People’s Potential, Acts as a Business Owner
Ability to perform hands-on technical tasks
Have a lot of fun, continuously learn new things

Job requirements:
Candidate must possess at least a Bachelor's Degree, Master's Degree / Post Graduate Degree, Computer Science/Information Technology from reputable university with min GPA 3,20
Having more than 1 year system development experience is preferred
Fresh graduate are welcome to apply
One or some combination of the following exposure:
UX / UI research
Web / mobile development preferably on JavaScript/HTM/CSS, front-end framework (e.g. VueJS), back-end framework (e.g. NodeJS), Android Kotlin / Java
Business Intelligence & ETL preferably on Microsoft PowerBI, Microsoft SSIS, Talend
AI, machine learning and big data preferably on Python,TensorFlow, Hadoop
Willing to travel once in a while, generally when performing system requirement gathering or system deployments
Strong communication skill and team player
Full-Time position(s) available

""Our company has never levied any fees for the recruitment process nor has it required to order tickets and accommodation through a certain travel agent or certain person.""",https://d2q79iu7y748jz.cloudfront.net/s/_squarelogo/256x256/cafec34e1ef97da8a8f50c2b291be73f,Full-time,Jakarta
Samsung Electronics,Data Engineer,Posted 30+ days ago,"Position Summary
1. Provide service reliability by analyzing the required data, conducting data modeling and designing, implementing and operating database architecture for each service.
2. Enhance service quality by developing and analyzing data to provide impactful services.
3. Provide service engineering through standardization/automation of technology analysis for each database solution.
4. Advanced SW Certification (Coding Test)
Role and Responsibilities
1. [Data modeling] Guarantee the data integrity by analyzing service requirements and data flow and conduct the logical/physical modeling of the entire structure with optimized performance.
2. [Data pipelining] Automate and schedule tasks using various tools such as Airflow.
3. [Data warehouse design and operation] Design, implement, and operate data storages so that analyzable structured/unstructured data are stored.
4. [Data processing & analysis] Perfom analysis and ETL from various data sources to produce reliable datasets.

5. Have good communication skills in English
6. Have experience in advanced SQL Query
7. Knowledge and experience in data modeling, ETL, and data engineering tools such as Python, Airflow
8. Strong analytical & statistical skills and ability to analyze and interpret complex data
9. Have good organization & teamwork

Preferable
10. Have experience in AWS Athena / Google Big Query is a plus
11. Have experience in Batch processing using Spark / AWS EMR is a plus
12. Have experience in Real-time processing using Spark Streaming / Flink is a plus
13. Have experience in cloud is a plus
Skills and Qualifications
Develops professional expertise by complying with company policies and procedures
Works on problems of moderate scope where analyzing situations or data requires a review on various factors
Exercises judgment within defined procedures and practices to determine appropriate action
Normally receives general instructions on routine work with detailed instructions on new projects or assignments
Bachelor or Master Degree in Computer Science, Mathematics, Electrical Engineering and Physics from Reputable Universities.",https://d2q79iu7y748jz.cloudfront.net/s/_squarelogo/256x256/08f9772288de0157ee1f9a21f4ef38a0,Full-time,Jakarta
Cybertrend Intrabuana,Software Engineer Intern,Posted 30+ days ago,"Internship
Join the Cybertrend’s center of data science and AI excellence and create solution with real business value side by side with us!
We are looking someone with:
Research web technology trends
Collaborate with diverse teams to plan, prototype, build and maintain new features
Design, implement & operate new web services using some language program
(WordPress, HTML, PHP, Java Script, Json and MySQL)
In the event that you haven’t received any updates after 3 weeks, your data will be kept and we may contact you for another career opportunity.
Location : Jakarta",,Internship,Jakarta
PwC,Associate 2 - Assurance - Risk Assurance (Data Analytics),Posted 30+ days ago,"Line of Service
Assurance
Industry/Sector
Not Applicable
Specialism
Assurance
Management Level
Associate
Job Description & Summary
A career within Information Technology Risk Assurance services, will allow you to develop and apply strategies that help clients leverage enterprise technologies so they can get a higher return on their investment, mitigate risks, streamline processes, and find operational inefficiencies. We assist clients in understanding and challenging their current risk profiles and develop strategies to build digital confidence by embracing opportunities to stay competitive through building trust and resilience into their technology systems. We cover a wide range of disciplines, including risk evaluation, operational and strategic Information Technology processes, project governance, application implementation, data integrity, cyber security, and accounting/audit.
To really stand out and make us fit for the future in a constantly changing world, each and every one of us at PwC needs to be a purpose-led and values-driven leader at every level. To help us achieve this we have the PwC Professional; our global leadership development framework. It gives us a single set of expectations across our lines, geographies and career paths, and provides transparency on the skills we need as individuals to be successful and progress in our careers, now and in the future.
As an Associate, you'll work as part of a team of problem solvers, helping to solve complex business issues from strategy to execution. PwC Professional skills and responsibilities for this management level include but are not limited to:
Invite and give in the moment feedback in a constructive manner.
Share and collaborate effectively with others.
Identify and make suggestions for improvements when problems and/or opportunities arise.
Handle, manipulate and analyse data and information responsibly.
Follow risk management and compliance procedures.
Keep up-to-date with developments in area of specialism.
Communicate confidently in a clear, concise and articulate manner - verbally and in the materials I produce.
Build and maintain an internal and external network.
Seek opportunities to learn about how PwC works as a global network of firms.
Uphold the firm's code of ethics and business conduct.
Preferred skills
Fresh graduates with a degree in Information Technology or Computer Science with minimum GPA 3.00 out of 4.00. Those with 1 - 2 years of experience are also welcome to apply.
Familiar with/experienced in query language (at least SQL), programming algorithms (Python, C#, .NET), or robotic technology (RPA).
Familiar with/experienced in web programming such as ASP.NET , ReactJS, JavaScript, JSON, CSS, and HTML is a plus.
Strong analytical thinking, problem solving, and strong attention to detail.
Good communication skill, able to articulate a business issue and potential impact without resorting to technical language.
Well-rounded team player as well as individual settings.
Actively building good working relationships with both colleagues and client personnel at all levels.
The ability to work flexibly and effectively in different teams for varying periods of time.
Some knowledge of finance, accounting, ERP systems, although not essential.
Education (if blank, degree and/or field of study not specified)
Degrees/Field of Study required:
Degrees/Field of Study preferred: Bachelor Degree - Computer Science, Bachelor Degree - Information Technology
Certifications (if blank, certifications not specified)
Required Skills
Optional Skills
Desired Languages (If blank, desired languages not specified)
Travel Requirements
Up to 40%
Available for Work Visa Sponsorship?
No
Government Clearance Required?
No
Job Posting End Date",,Full-time,Jakarta
ConnectOne,Head of Data Science (ID) - Tech Consulting Company,Posted 30+ days ago,"REFERRAL REWARD: SGD$500
Head of Data Science
Our client is a tech consulting company and they are looking for a Head of Data Science. As a Head of Data Science you will hold a strategic role in advancing the client's modeling, data science and AI initiatives by extracting business insights and at the same time working closely with the product team to deliver and develop world class solutions.
Responsibilities
Provide strategic leadership and direction to data science teams, leading throughout all stages of technology development, from discovery to deployment of enterprise class solutions.
Work closely with different teams within the company to solve challenging business problems by developing and applying data science and machine learning best practices.
Recruit and build a world class data science team
Provide analysis and insights to the business teams
Skills and Qualifications
Master’s or PhD from a recognized university in engineering, mathematical sciences, physics or related quantitative disciplines
Minimum 10 years of extensive experience and having led teams in modeling, data science, machine learning and digital transformation.
Experience in leading commercial software development teams
Strong communication and interpersonal skills
Familiarity with the mining or oil and gas industry",,,Indonesia
Barry Callebaut,Community Development Specialist,Posted 2 days ago,"Community Development Specialist
Location: Bandung, ID, 40256
At Barry Callebaut, we are on a journey to transform the cocoa and chocolate industry. As the world’s leading manufacturer of high-quality chocolate and cocoa products, our actions truly shape the future of our industry. We are a business-to-business company, serving the entire food sector, from the cocoa bean to the finest chocolate product. We are a company with a purpose, we believe in doing well by doing good and reinvesting in the communities we operate. We have a long-standing commitment to sustainability and our goal is to shape a sustainable cocoa and chocolate future. We are headquartered in Zurich, and have more than 12,000 passionate Employees working in more than 40 countries worldwide. We are very proud of who we are and what we do. And of course, we are always looking for talented people to help us have a positive impact on our industry and beyond!
JOB SUMMARY
Sustainability is at the heart of Barry Callebaut. Forever Chocolate is our commitment to have more than 500,000 cocoa farmers in our supply chain lifted out of poverty, eradicate child labor from our supply chain, become carbon and forest positive and have 100% sustainable ingredients in all of our products. Cocoa farmer poverty and a lack of income hinders the hiring of professional workers and the utilization of mechanization, which often leads to reliance on family members, including children, to undertake work which is classified as child labor.
This role will be a key player to support the goal of Human Right pillar, including child protection, Income Generating Activity & VSLA.
In addition, this role also will support the Sustainability Team as the story teller of field activities on the ground.
KEY RESPONSIBILITIES
Developing annual work plan per cocoa sustainability program together with Area Program Manager[s] on the Community Development implementation, including budget management, & setting strategy to achieve the target
Regular monitoring in the project location(s) to ensure all the Community Development activity well implemented & have an improvement
Reviewing & updating the SOP of CCPC, human right [assess & address], IGA & VSLA implementation in Indonesia
Providing creative regular report, news & content (monthly/ quarterly/half year/ yearly) based on Customer Projects related to Community Development activities & if needed to support the other Customer report/news/ media content
Starting/ maintaining the relationship with local & national level of government which relate to all of the Community Development activities
Developing the internal communication which relate to individual Customer Projects, promote & encourage to our internal Sustainability Team to have better understanding & ownership on the implementation
Promote, assist, encourage and monitor the Human Right implementation in all Customer Projects
Capacity building of SCP[s] in all Customer Projects to ensure proper Human Right commitment process is well adopted by supply chain partners & BC stakeholders
REQUIRED ACADEMIC & TECHNICAL QUALIFICATIONS
Possess Bachelor from any major, preferable from Agriculture or Social science
Fluent in both Bahasa Indonesia & English, written & spoken
3-5 years of working experience in agriculture community development (cocoa/ coffee/ palm oil) from the credible company/ NGO
Having proper knowledge on the human right DD, and experienced on the IGA & VSLA
Have an experienced as the community storyteller and social media content creator
ADDITIONAL CONSIDERATIONS
Willing to travel to the cocoa sustainability program location[s] regularly
Based in Bandung
ESSENTIAL EXPERIENCE / KNOWLEDGE
Solid knowledge & understanding of community development (social issue) in agriculture with farmer
Expert in communication
Expert in child protection, human right, income generating & VSLA activity within smallholder farmers/ community
TECHNICAL / FUNCTIONAL COMPETENCIES
Human right DD [national & worldwide; child protection & wellbeing, forced labor, discriminations, gender equality]
IGA [income generating activity] & VSLA [village saving & loans association]
Advance social media knowledge, content creator
Project management, including manage the budget vs expense
Visual communication [photograph, animation, etc.]
INTERPERSONAL / LEADERSHIP COMPETENCIES
Good coordinator, negotiation & communication skill
Creative, initiative & agile in communicating with stakeholders (internal & external)
Ability to analyze data & draw insight
Good leader & team work
Able to work under minimum supervision
PERSONAL STYLE / ATTITUDE / MOTIVATION
Empathy & compassion, non-judgmental & positive attitude
Persistent
Creative thinking & problem solving ability
Accountable
Resilient
At Barry Callebaut, we are committed to Diversity & Inclusion. United by our strong values, we thrive on the diversity of who we are, where we come from, what we’ve experienced and how we think. We are committed to nurturing an inclusive environment where people can truly be themselves, grow to their full potential and feel they belong. #oneBC - Diverse People, Sustainable Growth.
If you want to learn more about Barry Callebaut, please find further information here.
Were you missing anything in this job ad? Please share your feedback with us by clicking here.",,,Bandung
Indodana,Data Scientist - Risk Platform,Posted 11 days ago,"Job Description

We’re looking for fresh graduates with experience in manipulating datasets and building statistical models for credit risk by leveraging machine learning techniques. You will partner with business, product, and engineering team to explore, determine, analyze, propose, and solve some of the most challenging business problems in lending and reduce risk. You will perform deep-dive exploration and analysis to find improvements in our existing framework. You will be submerged in a fast-paced environment working tightly in a strong team of data scientists and experience firsthand our robust data infrastructure.
Responsibilities
Perform features selection, parameter binning, and optimize custom predictive machine learning models for credit risk scoring
Query, process, cleanse, and verify the integrity of data used for analysis
Analyze key metrics to determine risk and explore areas for improvements
Create reports and dashboards to monitor model impact and performance
Help build the variety of data ingredients needed to do modelling effectively
Maintain the credit risk model platform which is utilized by the team
Provide advice and guidance on potential efficiency gains and new state-of-the-art credit risk modelling methodologies

Qualifications
Bachelor degree in an analytical or quantitative discipline (e.g. math, statistics, engineering, computer science), however other disciplines will be considered
Experienced in using statistical computer languages such as R, Python SAS, SQL, or advanced MS Excel skills is a plus.
Have good communication skills and able to work together in a team
Excellent problem-solving skills and have the drive to learn and master new technologies and techniques
Willingness to learn new skills independently and have a strong sense of project ownership
Not afraid to get your hands dirty to explore data and build statistical models",,Full-time,Jakarta
DKatalis,Data Scientist,Posted 25 days ago,"About DKatalis
DKatalis is a financial technology company with multiple offices in the APAC region. We serve as the technological backbone for Bank Jago, an Indonesian digital bank whose mission is to drive financial inclusion by developing bespoke banking products and services that cater to a diverse customer base, from individual retail consumers to micro, small, and medium enterprises.
What sets us apart?
Real-world Impact: Your models and analyses will directly shape bespoke banking products, influencing financial services for millions of users across Indonesia.
Data-Rich Environment: Access vast, diverse datasets spanning individual retail consumers to micro, small, and medium enterprises (MSMEs).
Cutting-edge Tech Stack: Leverage the latest in big data technologies, cloud computing, and machine learning frameworks.
Cross-functional Collaboration: Work closely with product, engineering, and business teams to turn data insights into actionable strategies.
About the role
We are looking for a mid to senior-level Data Scientist with expertise in advanced modelling techniques, including knowledge graphs, recommendation systems, and fine-tuning Large Language Models (LLMs). The ideal candidate will have strong Natural Language Processing (NLP) skills to support our initiative in conversational banking and building comprehensive customer profiles.
You will work with various data types (e.g., transactional financial data, system log data, clickstream data, customer support chat logs) to help build sophisticated models that support:
Conversational banking interfaces and chatbots
Advanced customer profiling and personalization
Knowledge graph construction for financial entity relationships
Recommendation systems for financial products and services
Digital banking product features such as AI-driven financial recommendations
Customer segmentation and engagement analysis
Business operations optimization
Assisting with fraud detection and risk management functions
Supporting the improvement of various technical operations within the business
We value candidates who are self-motivated, proactive problem-solvers with a can-do attitude. The ideal candidate demonstrates persistence and grit when facing challenges and has a track record of initiating and completing complex projects.
You will lead the delivery of data science and machine learning solutions from ideation to model development and deployment. You'll work closely with other data scientists, machine learning engineers, and product teams to drive innovation in our banking products and services.
Requirements:
Education and Background
A Master's or Ph.D. degree in computer science, statistics, physics, mathematics, or a related field.
Courses or certifications in finance, economics, or related disciplines are a plus.
Technical Skills
Advanced proficiency in Python and its data science ecosystem, including tools such as Numpy, pandas, scikit-learn.
Expertise in deep learning frameworks like PyTorch or TensorFlow.
Experience with NLP libraries and techniques (e.g., spaCy, NLTK, transformers).
Proficiency in building and maintaining knowledge graphs.
Experience in developing and deploying recommendation systems.
Familiarity with LLM fine-tuning techniques and frameworks.
Strong version control skills (e.g., Git) and collaborative coding practices.
Knowledge and Experience
Deep understanding of advanced statistics, machine learning concepts, and their application to real-world problems.
5+ years of experience working with complex machine learning models in production environments.
Demonstrated ability to translate business problems into data science solutions.
Experience in building conversational AI systems or chatbots.
Familiarity with financial domain knowledge and its application in data science.
Soft Skills and Attributes
Strong analytical and problem-solving skills.
Excellent communication skills, both written and verbal.
Ability to lead and mentor junior team members.
Eagerness to stay current with the latest advancements in AI and machine learning.
Preferred Qualifications:
Experience in the financial technology or retail banking sector.
Active contributions to data science communities or open-source projects.
Demonstrated thought leadership through publications, presentations, or patents.
Expertise in big data technologies and cloud computing platforms (e.g., AWS, GCP, or Azure).
Stand-out Qualities
Track record of implementing innovative AI solutions in fintech or related industries.
Strong portfolio of relevant projects, particularly in NLP, knowledge graphs, or recommendation systems.
Leadership in the data science community (organising events, giving talks, leading workshops).
Unique skills that complement and enhance the existing Data Science team.
Advanced understanding of cloud technologies and containerization (e.g., Docker, Kubernetes).
Experience in ethical AI and responsible machine learning practices.",,,Jakarta
